,County1,Dem-Rep %,State1,COVID Cases per 100K
0,Alameda,44.6,California,1286.8800816595653
1,Alpine,15.4,California,177.1479185119575
2,Amador,-15.4,California,651.5395451801168
3,Butte,0.6,California,1295.7031927221628
4,Calaveras,-14.5,California,705.8054678139637
5,Colusa,-10.9,California,2496.867313315079
6,Contra Costa,29.1,California,1479.723907393505
7,Del Norte,-5.4,California,524.9532575866533
8,El Dorado,-11.3,California,611.8967242782987
9,Fresno,4.8,California,2882.191089789721
10,Glenn,-14.2,California,2123.7628993061667
11,Humboldt,20.9,California,382.12425677569746
12,Imperial,28.9,California,6623.072041497669
13,Inyo,-8.9,California,1058.8170075946562
14,Kern,-1.7,California,3592.8602691395927
15,Kings,-7.6,California,5133.385641428011
16,Lake,10.9,California,902.3700804522723
17,Lassen,-29.2,California,2426.9780525300102
18,Los Angeles,33.0,California,2715.908895083995
19,Madera,-6.6,California,2950.542500651509
20,Marin,40.9,California,2599.81609266457
21,Mariposa,-14.8,California,441.7834098703715
22,Mendocino,27.2,California,1119.3212601874372
23,Merced,15.4,California,3253.0250648228166
24,Modoc,-27.9,California,305.3953172718018
25,Mono,3.9,California,1170.0360011077262
26,Monterey,28.6,California,2354.277394191139
27,Napa,23.6,California,1258.8570101057032
28,Nevada,3.5,California,544.3336173625382
29,Orange,-0.7,California,1704.1325166294464
30,Placer,-13.1,California,910.8048874171852
31,Plumas,-14.2,California,265.85845695751584
32,Riverside,4.7,California,2425.94147204707
33,Sacramento,16.8,California,1472.560948108898
34,San Benito,19.2,California,2162.144949687938
35,San Bernardino,10.0,California,2553.6160287328244
36,San Diego,8.6,California,1431.5840555008044
37,San Francisco,50.4,California,1288.640790245352
38,San Joaquin,12.6,California,2687.798170434089
39,San Luis Obispo,-0.1,California,1301.6096160163331
40,San Mateo,35.2,California,1320.9439935922605
41,Santa Barbara,16.6,California,2071.4492081729186
42,Santa Clara,28.3,California,1120.677313403726
43,Santa Cruz,40.5,California,908.082704702924
44,Shasta,-23.0,California,529.2092403376278
45,Sierra,-12.6,California,199.6672212978369
46,Siskiyou,-8.4,California,383.56416086726836
47,Solano,23.9,California,1456.5178054833875
48,Sonoma,33.7,California,1551.1716727084408
49,Stanislaus,2.5,California,3019.6491482947736
50,Sutter,-9.4,California,1802.600777552052
51,Tehama,-18.1,California,929.5679429660132
52,Trinity,-0.7,California,130.24013024013024
53,Tulare,-7.4,California,3517.6267441735754
54,Tuolumne,-12.2,California,422.18877344983287
55,Ventura,10.4,California,1529.8945870360258
56,Yolo,27.7,California,1291.156462585034
57,Yuba,-9.1,California,1510.143895866172
0,Appling,-58.0,Georgia,5770.695094093333
1,Atkinson,-45.2,Georgia,5486.83404776485
2,Bacon,-68.6,Georgia,5410.247223217485
3,Baker,-8.7,Georgia,2764.9769585253453
4,Baldwin,1.7,Georgia,4778.347070617064
5,Banks,-78.4,Georgia,2615.160653010294
6,Barrow,-50.4,Georgia,2731.859682844786
7,Bartow,-55.2,Georgia,2791.030091518313
8,Ben Hill,-27.6,Georgia,4832.335329341317
9,Berrien,-66.4,Georgia,2376.656183945971
10,Bibb,20.5,Georgia,4006.2941126541705
11,Bleckley,-53.0,Georgia,3472.384059659753
12,Brantley,-78.6,Georgia,1836.8308127060543
13,Brooks,-18.6,Georgia,3402.9889370511737
14,Bryan,-43.2,Georgia,2965.150023973553
15,Bulloch,-23.1,Georgia,3670.4853783539343
16,Burke,2.6,Georgia,3766.2511727650453
17,Butts,-43.8,Georgia,2743.0221366698747
18,Calhoun,17.2,Georgia,4039.4247859104858
19,Camden,-33.8,Georgia,2431.127208868401
20,Candler,-43.5,Georgia,4396.92677959826
21,Carroll,-40.1,Georgia,2395.159677311821
22,Catoosa,-60.7,Georgia,1830.423202130808
23,Charlton,-48.6,Georgia,4786.439665471923
24,Chatham,14.9,Georgia,2989.3238434163704
25,Chattahoochee,-11.3,Georgia,15430.457504355
26,Chattooga,-58.8,Georgia,3275.6464560893946
27,Cherokee,-50.0,Georgia,2410.993418942471
28,Clarke,38.1,Georgia,4050.4632551760683
29,Clay,10.3,Georgia,4269.583627381792
30,Clayton,70.9,Georgia,2456.0659148144096
31,Clinch,-42.6,Georgia,5893.0190389845875
32,Cobb,2.2,Georgia,2632.4063561891808
33,Coffee,-39.5,Georgia,4843.666951678876
34,Colquitt,-47.3,Georgia,4199.561403508772
35,Columbia,-37.7,Georgia,2458.618885358041
36,Cook,-40.1,Georgia,3213.6653155761437
37,Coweta,-42.3,Georgia,1797.1974762472307
38,Crawford,-42.9,Georgia,1370.5256368913251
39,Crisp,-22.8,Georgia,2614.8757375290547
40,Dade,-65.5,Georgia,1799.4539587987094
41,Dawson,-72.2,Georgia,3248.046575762219
43,DeKalb,64.0,Georgia,2519.17233967736
42,Decatur,-18.5,Georgia,4567.489774276624
44,Dodge,-45.5,Georgia,2130.5508371754427
45,Dooly,-2.1,Georgia,2584.0179238237492
46,Dougherty,38.4,Georgia,3604.074764655055
47,Douglas,10.8,Georgia,2508.4903275182282
48,Early,-8.0,Georgia,5034.347399411187
49,Echols,-72.4,Georgia,6040.938592111834
50,Effingham,-55.6,Georgia,2342.291899962673
51,Elbert,-34.5,Georgia,3693.8626654162763
52,Emanuel,-37.0,Georgia,4866.201536695222
53,Evans,-35.4,Georgia,4054.815092922846
54,Fannin,-65.5,Georgia,2707.346876431953
55,Fayette,-19.5,Georgia,1679.7615822270388
56,Floyd,-43.5,Georgia,3363.520071473533
57,Forsyth,-47.6,Georgia,1724.0391071516306
58,Franklin,-68.6,Georgia,3319.199965737291
59,Fulton,41.6,Georgia,2640.757864422424
60,Gilmer,-66.8,Georgia,2738.3722783639896
61,Glascock,-78.9,Georgia,1346.348030966005
62,Glynn,-28.5,Georgia,4126.999015147962
63,Gordon,-63.6,Georgia,3298.656039197419
64,Grady,-33.0,Georgia,3276.0930459140172
65,Greene,-25.9,Georgia,2815.9790438768828
66,Gwinnett,5.9,Georgia,2998.5580774365812
67,Habersham,-66.4,Georgia,3823.2439110483588
68,Hall,-50.6,Georgia,4704.535782939821
69,Hancock,51.9,Georgia,4717.985101099681
70,Haralson,-71.6,Georgia,1738.7218045112784
71,Harris,-47.9,Georgia,2284.5953002610972
72,Hart,-46.6,Georgia,2014.8826559816828
73,Heard,-62.4,Georgia,1685.817327853728
74,Henry,4.4,Georgia,2308.9942488307943
75,Houston,-21.5,Georgia,2023.906805267859
76,Irwin,-49.8,Georgia,3430.331350892099
77,Jackson,-63.8,Georgia,2831.028954328076
78,Jasper,-46.8,Georgia,1582.3897601800406
79,Jeff Davis,-62.9,Georgia,4829.63943102878
80,Jefferson,10.9,Georgia,5305.298789220154
81,Jenkins,-25.3,Georgia,5048.4094052558785
82,Johnson,-37.6,Georgia,4355.491029762522
83,Jones,-34.7,Georgia,1994.0838698451366
84,Lamar,-38.5,Georgia,1997.1693662525556
85,Lanier,-41.2,Georgia,2849.4675237455626
86,Laurens,-29.0,Georgia,3615.446094308669
87,Lee,-53.0,Georgia,2367.2979461189652
88,Liberty,21.2,Georgia,1860.5029706193536
89,Lincoln,-36.2,Georgia,2701.679080924125
90,Long,-30.8,Georgia,1308.8603711846208
91,Lowndes,-17.5,Georgia,3395.908215934449
92,Lumpkin,-60.0,Georgia,2796.7866706337395
93,Macon,27.2,Georgia,2885.698198198198
94,Madison,-56.7,Georgia,2058.700792878008
95,Marion,-22.2,Georgia,1822.8160963929868
96,McDuffie,-18.7,Georgia,2389.558232931727
97,McIntosh,-20.1,Georgia,2308.888623041033
98,Meriwether,-15.4,Georgia,2636.1789578116877
99,Miller,-49.8,Georgia,4861.839804127317
100,Mitchell,-10.0,Georgia,3768.924667246032
101,Monroe,-41.5,Georgia,2560.0116034520265
102,Montgomery,-51.2,Georgia,3521.587440034889
103,Morgan,-41.3,Georgia,2536.8333679186553
104,Murray,-68.7,Georgia,2127.394253790902
105,Muscogee,18.8,Georgia,3115.917228979052
106,Newton,2.4,Georgia,2361.648052691867
107,Oconee,-39.4,Georgia,1914.101290963257
108,Oglethorpe,-42.0,Georgia,2267.514253882954
109,Paulding,-41.2,Georgia,1695.6488228284134
110,Peach,-2.9,Georgia,2483.119146155522
111,Pickens,-69.2,Georgia,1939.1856647540733
112,Pierce,-74.0,Georgia,3190.3416388389423
113,Pike,-69.6,Georgia,1835.249446260943
114,Polk,-57.5,Georgia,3557.599793490249
115,Pulaski,-37.0,Georgia,2855.347041393553
116,Putnam,-40.0,Georgia,3232.515032325151
117,Quitman,-10.9,Georgia,1478.9038712483691
118,Rabun,-60.9,Georgia,2205.753632491101
119,Randolph,11.3,Georgia,4883.446444378872
120,Richmond,32.4,Georgia,3589.8043630689613
121,Rockdale,26.0,Georgia,2085.90036965323
122,Schley,-56.1,Georgia,2016.359140194027
123,Screven,-17.6,Georgia,3043.104682801088
124,Seminole,-32.3,Georgia,4610.630407911001
125,Spalding,-24.6,Georgia,2044.8855373821268
126,Stephens,-59.9,Georgia,4331.726133076181
127,Stewart,20.3,Georgia,7899.108895937169
128,Sumter,2.2,Georgia,3187.237501693537
129,Talbot,24.8,Georgia,2679.580306698951
130,Taliaferro,21.8,Georgia,1496.4216005204944
131,Tattnall,-49.6,Georgia,3361.5439373566405
132,Taylor,-22.6,Georgia,2705.7356608478804
133,Telfair,-30.0,Georgia,2496.847414880202
134,Terrell,9.4,Georgia,3879.9671785253777
135,Thomas,-21.8,Georgia,3396.998942655958
136,Tift,-36.9,Georgia,4485.286881212479
137,Toombs,-46.9,Georgia,5068.95266492732
138,Towns,-61.9,Georgia,2916.0089723353
139,Treutlen,-35.0,Georgia,3825.532531517171
140,Troup,-23.2,Georgia,4075.97036698035
141,Turner,-25.0,Georgia,3969.9436443331238
142,Twiggs,-1.6,Georgia,2450.7389162561576
143,Union,-65.5,Georgia,3276.0801272897884
144,Upson,-34.9,Georgia,3066.1094224924013
145,Walker,-61.5,Georgia,2319.347486417913
146,Walton,-56.4,Georgia,1973.7189855486133
147,Ware,-41.7,Georgia,4259.248894610176
148,Warren,13.8,Georgia,3007.232584697373
149,Washington,0.6,Georgia,3381.7610680278785
150,Wayne,-58.8,Georgia,3862.732649446988
151,Webster,-14.1,Georgia,1649.4054468738013
152,Wheeler,-36.9,Georgia,4417.5684277530245
153,White,-68.6,Georgia,2896.291967010845
154,Whitfield,-44.7,Georgia,4513.132239935772
155,Wilcox,-41.8,Georgia,2883.61320208454
156,Wilkes,-16.2,Georgia,2741.127135113021
157,Wilkinson,-10.3,Georgia,3864.1947732856825
158,Worth,-49.9,Georgia,2701.634810095323
0,Adams,-47.4,Illinois,1908.764422709559
1,Alexander,-8.3,Illinois,1562.2287797257418
2,Bond,-37.8,Illinois,2197.7352976987704
3,Boone,-14.5,Illinois,2265.426565067981
4,Brown,-56.0,Illinois,1079.355427181514
5,Bureau,-19.9,Illinois,2212.82334191492
6,Calhoun,-38.4,Illinois,1392.698881620595
7,Carroll,-27.0,Illinois,1698.7067458930442
8,Cass,-31.5,Illinois,3408.248950358113
9,Champaign,18.7,Illinois,2404.036453986618
10,Christian,-42.7,Illinois,1937.8405151064887
11,Clark,-47.9,Illinois,1230.4902532219414
12,Clay,-63.5,Illinois,1448.7257281553398
13,Clinton,-49.0,Illinois,3452.9577764762257
14,Coles,-26.3,Illinois,3073.8231168882485
15,Cook,53.7,Illinois,2881.054119299069
16,Crawford,-49.5,Illinois,2576.7397010767663
17,Cumberland,-57.5,Illinois,2052.7586847482817
18,DeKalb,3.2,Illinois,1647.330238233696
19,DeWitt,-42.3,Illinois,901.64982734365
20,Douglas,-46.3,Illinois,1772.41202157719
21,DuPage,14.8,Illinois,1972.9749350161067
22,Edgar,-49.3,Illinois,699.2599498863702
23,Edwards,-70.7,Illinois,1125.879593432369
24,Effingham,-60.4,Illinois,2699.3648553281587
25,Fayette,-58.2,Illinois,2170.0412448443944
26,Ford,-48.6,Illinois,856.4154000462927
27,Franklin,-45.2,Illinois,1502.5085133484106
28,Fulton,-15.1,Illinois,611.5317414094351
29,Gallatin,-47.7,Illinois,1615.5758077879038
30,Greene,-52.9,Illinois,1835.1453465957284
31,Grundy,-23.4,Illinois,1406.3540564892076
32,Hamilton,-58.0,Illinois,961.0645638245442
33,Hancock,-47.8,Illinois,1332.7309690535353
34,Hardin,-57.7,Illinois,1046.8463752944256
35,Henderson,-28.7,Illinois,1158.591634065603
36,Henry,-21.0,Illinois,1435.2012757344671
37,Iroquois,-55.9,Illinois,1371.9849524231026
38,Jackson,3.3,Illinois,2283.7004405286348
39,Jasper,-59.7,Illinois,2258.064516129032
40,Jefferson,-43.1,Illinois,1812.4402929625305
41,Jersey,-46.4,Illinois,1850.9162724475268
42,Jo Daviess,-14.8,Illinois,1412.7619496114905
43,Johnson,-58.2,Illinois,1489.892888781509
44,Kane,10.5,Illinois,2539.9932006393656
45,Kankakee,-13.2,Illinois,2590.522655695327
46,Kendall,-0.1,Illinois,1633.4599581362893
47,Knox,-3.0,Illinois,1531.2179319503412
49,LaSalle,-14.5,Illinois,1684.9331456073028
48,Lake,20.6,Illinois,2515.307917046523
50,Lawrence,-53.4,Illinois,1722.1584385763488
51,Lee,-20.2,Illinois,1269.9436884091976
52,Livingston,-40.9,Illinois,1214.6543985637345
53,Logan,-40.0,Illinois,1684.254664896219
54,Macon,-17.9,Illinois,1708.105922781484
55,Macoupin,-34.4,Illinois,1551.7880002859245
56,Madison,-15.5,Illinois,1992.8053778925705
57,Marion,-44.2,Illinois,1669.0863290676766
58,Marshall,-33.7,Illinois,1328.8518897742956
59,Mason,-31.7,Illinois,2278.621570849464
60,Massac,-49.5,Illinois,1720.1988979975808
61,McDonough,-11.6,Illinois,1014.1633152649063
62,McHenry,-7.6,Illinois,1309.9782917883074
63,McLean,-1.3,Illinois,929.4220156839964
64,Menard,-37.5,Illinois,1090.5214824532634
65,Mercer,-20.6,Illinois,978.1693334197058
66,Monroe,-37.1,Illinois,2116.234084938072
67,Montgomery,-39.8,Illinois,1425.3536988808335
68,Morgan,-29.9,Illinois,2055.9748053954486
69,Moultrie,-47.8,Illinois,1634.3700434452796
70,Ogle,-26.4,Illinois,1581.6598542740358
71,Peoria,3.1,Illinois,2071.6713454143623
72,Perry,-44.9,Illinois,1730.73245362402
73,Piatt,-33.5,Illinois,960.5971610376897
74,Pike,-58.2,Illinois,963.9483323693851
75,Pope,-61.1,Illinois,718.218817333014
76,Pulaski,-26.3,Illinois,3636.363636363636
77,Putnam,-20.1,Illinois,1150.0261369576585
78,Randolph,-46.7,Illinois,3067.7742118180104
79,Richland,-54.4,Illinois,1676.0136659575842
80,Rock Island,8.4,Illinois,2244.8706291981193
81,Saline,-50.1,Illinois,2658.980461018307
82,Sangamon,-9.2,Illinois,1664.4672427738285
83,Schuyler,-37.8,Illinois,1352.5314374948632
84,Scott,-54.9,Illinois,856.9739952718677
85,Shelby,-53.8,Illinois,1636.0331246212884
86,St. Clair,5.7,Illinois,2029.2132753998333
87,Stark,-37.8,Illinois,1048.2965181579932
88,Stephenson,-16.6,Illinois,1305.6766596251518
89,Tazewell,-28.3,Illinois,1446.8562931041024
90,Union,-39.7,Illinois,3290.698372665585
91,Vermilion,-29.6,Illinois,1290.9527706644842
92,Wabash,-53.5,Illinois,1432.291666666667
93,Warren,-16.7,Illinois,2101.638565661363
94,Washington,-55.8,Illinois,1663.4262259667316
95,Wayne,-71.6,Illinois,1954.9799568300962
96,White,-58.0,Illinois,1396.1734505429565
97,Whiteside,-6.2,Illinois,1574.988672405981
98,Will,6.4,Illinois,2112.073520831916
99,Williamson,-41.2,Illinois,2198.2972205955225
100,Winnebago,0.1,Illinois,2399.034582336537
101,Woodford,-41.7,Illinois,1190.8785979874672
0,Allen,-40.67,Kansas,557.8462284744119
1,Anderson,-52.629999999999995,Kansas,1056.2484092644438
2,Atchison,-31.33,Kansas,2277.1106825110433
3,Barber,-69.45,Kansas,248.47526541676083
4,Barton,-58.91,Kansas,2079.2117615113075
5,Bourbon,-50.68,Kansas,1334.8011559102795
6,Brown,-50.620000000000005,Kansas,1516.1020493517356
7,Butler,-45.19,Kansas,1512.4568456606535
8,Chase,-47.7,Kansas,3134.441087613293
9,Chautauqua,-70.16,Kansas,646.1538461538461
10,Cherokee,-48.459999999999994,Kansas,2683.1837103164653
11,Cheyenne,-70.51,Kansas,2709.823108769289
12,Clark,-70.15,Kansas,2758.2748244734203
13,Clay,-57.96000000000001,Kansas,662.334416395901
14,Cloud,-54.91,Kansas,842.249032551787
15,Coffey,-57.11,Kansas,1577.2099278640421
16,Comanche,-70.71,Kansas,705.8823529411765
17,Cowley,-37.39,Kansas,1114.3577403460524
18,Crawford,-23.0,Kansas,2905.8684115616466
19,Decatur,-71.07,Kansas,955.076052352317
20,Dickinson,-53.830000000000005,Kansas,1202.2094660457058
21,Doniphan,-59.77000000000001,Kansas,1552.6315789473686
22,Douglas,32.96,Kansas,1972.0429579826432
23,Edwards,-62.550000000000004,Kansas,1858.470335954253
24,Elk,-70.53,Kansas,276.6798418972332
25,Ellis,-47.91,Kansas,3810.457745245683
26,Ellsworth,-54.05,Kansas,1016.0603080957063
27,Finney,-31.06,Kansas,6211.094962568898
28,Ford,-38.42,Kansas,8751.003896606086
29,Franklin,-39.16,Kansas,1589.4143438772314
30,Geary,-20.689999999999998,Kansas,1389.3274392169244
31,Gove,-73.78999999999999,Kansas,1479.514415781487
32,Graham,-65.19,Kansas,1611.6035455278004
33,Grant,-57.050000000000004,Kansas,3930.0699300699293
34,Gray,-69.46,Kansas,2154.308617234469
35,Greeley,-69.38000000000001,Kansas,1055.1948051948052
36,Greenwood,-58.980000000000004,Kansas,835.8408559010363
37,Hamilton,-66.67,Kansas,1851.122489168964
38,Harper,-62.18,Kansas,2207.5055187637968
39,Harvey,-24.130000000000003,Kansas,1077.5799471375876
40,Haskell,-58.72,Kansas,3225.8064516129034
41,Hodgeman,-71.88,Kansas,1393.5340022296546
42,Jackson,-41.71000000000001,Kansas,1920.8867967504368
43,Jefferson,-32.33,Kansas,1060.757233629155
44,Jewell,-69.81,Kansas,590.4828065300452
45,Johnson,-2.6400000000000006,Kansas,1958.8280895948046
46,Kearny,-68.47,Kansas,2657.634184471079
47,Kingman,-57.91,Kansas,1426.1744966442955
48,Kiowa,-72.84,Kansas,1090.9090909090908
49,Labette,-37.55,Kansas,1289.631970639209
50,Lane,-70.26,Kansas,1042.3452768729644
51,Leavenworth,-24.520000000000003,Kansas,2804.6185082805355
52,Lincoln,-65.84,Kansas,472.65361242403776
53,Linn,-62.07000000000001,Kansas,896.629908275791
54,Logan,-72.44,Kansas,1252.6843235504653
55,Lyon,-15.490000000000002,Kansas,3289.652056032535
56,Marion,-49.77000000000001,Kansas,956.4851797351273
57,Marshall,-47.83,Kansas,866.7115449343655
58,McPherson,-41.77,Kansas,370.86638508292987
59,Meade,-70.06,Kansas,3471.3612695264073
60,Miami,-40.02,Kansas,1220.9013640213805
61,Mitchell,-62.24,Kansas,769.3594246529518
62,Montgomery,-50.33,Kansas,1435.797543121053
63,Morris,-46.46,Kansas,765.1245551601422
64,Morton,-71.14,Kansas,811.7510630073443
65,Nemaha,-66.36999999999999,Kansas,1329.2933242107322
66,Neosho,-46.41000000000001,Kansas,1080.7771599925034
67,Ness,-73.32,Kansas,3672.727272727273
68,Norton,-69.78,Kansas,746.1294534601753
69,Osage,-43.61,Kansas,721.0483415888144
70,Osborne,-68.63,Kansas,350.77462730195845
71,Ottawa,-64.03,Kansas,1034.3618513323984
72,Pawnee,-49.78999999999999,Kansas,6127.221702525725
73,Phillips,-72.55999999999999,Kansas,2502.865876958349
74,Pottawatomie,-50.379999999999995,Kansas,1181.150801788131
75,Pratt,-53.800000000000004,Kansas,840.2444347446531
76,Rawlins,-71.81,Kansas,2134.387351778656
77,Reno,-35.84,Kansas,1935.5463079454175
78,Republic,-65.2,Kansas,1056.9456427955133
79,Rice,-56.31,Kansas,901.7510747614557
80,Riley,-3.559999999999995,Kansas,2501.6165535079213
81,Rooks,-72.58999999999999,Kansas,2337.39837398374
82,Rush,-64.14,Kansas,2404.4795783926206
83,Russell,-66.17,Kansas,1575.262543757293
84,Saline,-34.040000000000006,Kansas,1440.3216287990556
85,Scott,-73.98,Kansas,2218.536180800332
86,Sedgwick,-18.4,Kansas,1797.5281081772416
87,Seward,-30.39,Kansas,8078.215419077842
88,Shawnee,-2.6599999999999966,Kansas,1619.2226148409893
89,Sheridan,-77.88000000000001,Kansas,1269.3375644585485
90,Sherman,-66.7,Kansas,743.6200777420989
91,Smith,-66.80000000000001,Kansas,279.09572983533354
92,Stafford,-62.56,Kansas,1443.695861405197
93,Stanton,-59.19,Kansas,3539.3818544366886
94,Stevens,-72.93,Kansas,2734.7310847766635
95,Sumner,-50.49,Kansas,932.7377824487653
96,Thomas,-68.08999999999999,Kansas,2070.20702070207
97,Trego,-69.43,Kansas,1427.0424545130218
98,Wabaunsee,-47.220000000000006,Kansas,1038.8111383638725
99,Wallace,-84.58999999999999,Kansas,1251.6469038208168
100,Washington,-65.35,Kansas,406.9552349241584
101,Wichita,-65.8,Kansas,235.96035865974517
102,Wilson,-61.1,Kansas,762.4633431085042
103,Woodson,-56.06,Kansas,764.8183556405354
104,Wyandotte,29.4,Kansas,4395.239045149278
0,Adair,-64.53999999999999,Kentucky,1749.8177273200708
1,Allen,-63.21000000000001,Kentucky,1862.538118695754
2,Anderson,-49.099999999999994,Kentucky,782.5207719699301
3,Ballard,-57.18,Kentucky,735.2941176470587
4,Barren,-49.81,Kentucky,1859.9290379443603
5,Bath,-37.519999999999996,Kentucky,736.0
6,Bell,-62.19,Kentucky,2028.2728948985864
7,Boone,-41.75,Kentucky,1253.9208420359184
8,Bourbon,-31.549999999999997,Kentucky,1071.3563776025874
9,Boyd,-37.010000000000005,Kentucky,1085.234813134124
10,Boyle,-29.03,Kentucky,1021.290751829674
11,Bracken,-56.870000000000005,Kentucky,505.8412621943875
12,Breathitt,-42.76,Kentucky,768.0126682501981
13,Breckinridge,-51.56,Kentucky,708.1115397763343
14,Bullitt,-49.78,Kentucky,1169.2541260590624
15,Butler,-62.42999999999999,Kentucky,2678.7794083391573
16,Caldwell,-54.34,Kentucky,1341.492115791951
17,Calloway,-35.00999999999999,Kentucky,1671.7520063588113
18,Campbell,-24.450000000000003,Kentucky,984.1425884766627
19,Carlisle,-63.900000000000006,Kentucky,1764.705882352941
20,Carroll,-38.44,Kentucky,1909.5099238077319
21,Carter,-51.67999999999999,Kentucky,820.9874239653693
22,Casey,-73.23,Kentucky,1745.1574973698864
23,Christian,-31.340000000000003,Kentucky,2039.4260654830327
24,Clark,-37.050000000000004,Kentucky,992.7474285083971
25,Clay,-75.5,Kentucky,1723.5314808301089
26,Clinton,-73.11,Kentucky,1399.4910941475823
27,Crittenden,-66.22,Kentucky,1396.774926186691
28,Cumberland,-66.63,Kentucky,1648.0193528878135
29,Daviess,-32.19,Kentucky,1499.3448985824198
30,Edmonson,-60.17999999999999,Kentucky,1152.2633744855968
31,Elliott,-44.129999999999995,Kentucky,585.3398962352003
32,Estill,-56.41,Kentucky,1417.836381681554
33,Fayette,9.449999999999996,Kentucky,2182.873694112987
34,Fleming,-53.900000000000006,Kentucky,596.6668952746726
35,Floyd,-48.24000000000001,Kentucky,595.6896793953188
36,Franklin,-4.6100000000000065,Kentucky,1402.2082328254007
37,Fulton,-32.54,Kentucky,2881.554699279611
38,Gallatin,-50.75,Kentucky,1127.5228323373547
39,Garrard,-58.39,Kentucky,1030.227555756821
40,Grant,-56.05,Kentucky,737.9632215086361
41,Graves,-56.379999999999995,Kentucky,2076.960231846724
42,Grayson,-59.19,Kentucky,1562.7956256858515
43,Green,-66.38000000000001,Kentucky,2559.181062060141
44,Greenup,-45.46000000000001,Kentucky,1310.615989515072
45,Hancock,-35.949999999999996,Kentucky,1066.2692043109378
46,Hardin,-30.189999999999998,Kentucky,1271.6523369202762
47,Harlan,-72.12,Kentucky,1876.2014609765477
48,Harrison,-43.74999999999999,Kentucky,1006.0362173038228
49,Hart,-49.419999999999995,Kentucky,982.4008405568691
50,Henderson,-27.659999999999997,Kentucky,2026.1004202610047
51,Henry,-43.589999999999996,Kentucky,1271.238992930671
52,Hickman,-55.99999999999999,Kentucky,1872.146118721461
53,Hopkins,-53.910000000000004,Kentucky,1528.4429127691
54,Jackson,-80.11,Kentucky,2873.4338660064527
55,Jefferson,13.329999999999998,Kentucky,2179.83011566898
56,Jessamine,-40.0,Kentucky,1225.1686223782685
57,Johnson,-70.97,Kentucky,734.6313322516677
58,Kenton,-26.04,Kentucky,1276.0631863854658
59,Knott,-53.99999999999999,Kentucky,1573.6863433743079
60,Knox,-67.63000000000001,Kentucky,1724.1932894525605
61,LaRue,-55.300000000000004,Kentucky,1000.138908181692
62,Laurel,-69.07000000000001,Kentucky,1678.9173367536548
63,Lawrence,-62.41,Kentucky,404.77900372135537
64,Lee,-64.0,Kentucky,243.14467107929215
65,Leslie,-80.47999999999999,Kentucky,921.3323883770377
66,Letcher,-62.96000000000001,Kentucky,909.3861643390712
67,Lewis,-67.53,Kentucky,1740.1129943502826
68,Lincoln,-57.239999999999995,Kentucky,916.5342783820114
69,Livingston,-57.76,Kentucky,1022.4059169023276
70,Logan,-46.08,Kentucky,2140.063463951
71,Lyon,-44.010000000000005,Kentucky,974.42143727162
72,Madison,-31.140000000000004,Kentucky,1212.2045920083158
73,Magoffin,-51.84,Kentucky,1183.912715454704
74,Marion,-30.119999999999997,Kentucky,977.5171065493646
75,Marshall,-51.80000000000001,Kentucky,2052.9751470635683
76,Martin,-79.44,Kentucky,822.3007976317737
77,Mason,-41.199999999999996,Kentucky,1281.5856379390855
78,McCracken,-37.18,Kentucky,1096.4630225080386
79,McCreary,-75.27,Kentucky,741.4024117909781
80,McLean,-52.41,Kentucky,767.4282366725249
81,Meade,-46.06,Kentucky,853.9829203415933
82,Menifee,-47.14,Kentucky,955.4630913854214
83,Mercer,-50.49000000000001,Kentucky,1221.9030684356906
84,Metcalfe,-54.43000000000001,Kentucky,1270.976069903684
85,Monroe,-73.66999999999999,Kentucky,2046.9483568075118
86,Montgomery,-41.019999999999996,Kentucky,1072.5574457506127
87,Morgan,-54.910000000000004,Kentucky,518.4461642497557
88,Muhlenberg,-46.870000000000005,Kentucky,2628.8289465090456
89,Nelson,-33.63999999999999,Kentucky,1152.8561849760993
90,Nicholas,-41.17999999999999,Kentucky,674.0954739303893
91,Ohio,-56.379999999999995,Kentucky,1996.3324164374426
92,Oldham,-31.049999999999997,Kentucky,1788.948936361323
93,Owen,-53.650000000000006,Kentucky,935.6939730299972
94,Owsley,-69.25,Kentucky,1087.202718006795
95,Pendleton,-57.260000000000005,Kentucky,685.4009595613434
96,Perry,-56.97,Kentucky,1354.9188601599506
97,Pike,-62.71,Kentucky,855.276798673025
98,Powell,-45.21000000000001,Kentucky,881.9483777004613
99,Pulaski,-66.66,Kentucky,1272.7188784068699
100,Robertson,-53.010000000000005,Kentucky,569.2599620493359
101,Rockcastle,-70.15,Kentucky,1150.0449236298293
102,Rowan,-21.239999999999995,Kentucky,1087.4897792313984
103,Russell,-70.58999999999999,Kentucky,1506.444233666239
104,Scott,-30.320000000000004,Kentucky,1459.5466984773002
105,Shelby,-33.620000000000005,Kentucky,2270.316579634465
106,Simpson,-38.94,Kentucky,1566.8748653887576
107,Spencer,-55.44,Kentucky,1162.7306082373007
108,Taylor,-51.010000000000005,Kentucky,1261.2053242267846
109,Todd,-53.78,Kentucky,1618.6757768016919
110,Trigg,-49.53,Kentucky,1276.3633881646304
111,Trimble,-49.81999999999999,Kentucky,849.9586825640421
112,Union,-54.26,Kentucky,2635.421737014116
113,Warren,-24.17,Kentucky,3378.5817481338795
114,Washington,-46.0,Kentucky,1223.6461347664324
115,Wayne,-61.81,Kentucky,890.1785275168445
116,Webster,-54.39,Kentucky,1645.8043579044968
117,Whitley,-67.11999999999999,Kentucky,1340.1720714758435
118,Wolfe,-39.879999999999995,Kentucky,712.5890736342043
119,Woodford,-20.189999999999998,Kentucky,1118.425974414603
0,Adams,-26.7,Pennsylvania,838.7616616023842
1,Allegheny,30.2,Pennsylvania,1030.1427989918136
2,Armstrong,-23.2,Pennsylvania,704.4102880976288
3,Beaver,9.6,Pennsylvania,1191.3694343282766
4,Bedford,-44.3,Pennsylvania,528.3160708319413
5,Berks,5.1,Pennsylvania,1723.319182076341
6,Blair,-30.6,Pennsylvania,608.2295676727216
7,Bradford,-36.1,Pennsylvania,303.36687498963914
8,Bucks,3.4,Pennsylvania,1429.9584573511386
9,Butler,-24.1,Pennsylvania,586.0965755138326
10,Cambria,2.5,Pennsylvania,490.81356765392644
11,Cameron,-23.2,Pennsylvania,179.8965594783
12,Carbon,-5.2,Pennsylvania,736.9667508024057
13,Centre,3.2,Pennsylvania,1757.5514979831878
14,Chester,0.2,Pennsylvania,1332.9803100636395
15,Clarion,-28.7,Pennsylvania,338.2069826733961
16,Clearfield,-21.4,Pennsylvania,427.7332660399975
17,Clinton,-14.3,Pennsylvania,541.002277904328
18,Columbia,-13.1,Pennsylvania,1436.1800381749892
19,Crawford,-19.4,Pennsylvania,379.3026031265878
20,Cumberland,-14.8,Pennsylvania,767.6520503611321
21,Dauphin,6.5,Pennsylvania,1400.2924911695693
22,Delaware,10.3,Pennsylvania,2050.4740210358414
23,Elk,-8.1,Pennsylvania,254.0956201939151
24,Erie,14.0,Pennsylvania,594.3024083521178
25,Fayette,13.0,Pennsylvania,635.8587186905332
26,Forest,-20.2,Pennsylvania,206.9821995308403
27,Franklin,-34.3,Pennsylvania,1165.6034110187254
28,Fulton,-44.5,Pennsylvania,357.88024776324835
29,Greene,5.2,Pennsylvania,527.1437639720697
30,Huntingdon,-33.5,Pennsylvania,954.722665248981
31,Indiana,-13.4,Pennsylvania,896.8396512554567
32,Jefferson,-32.0,Pennsylvania,269.4300518134715
33,Juniata,-40.3,Pennsylvania,787.4651698097969
34,Lackwanna,28.6,Pennsylvania,1266.728349723857
35,Lancaster,-17.8,Pennsylvania,1484.6332578372949
36,Lawrence,-0.3,Pennsylvania,640.8457292543736
37,Lebanon,-24.0,Pennsylvania,1489.49525011813
38,Lehigh,14.8,Pennsylvania,1551.779225491311
39,Luzerne,11.7,Pennsylvania,1309.6336995182992
40,Lycoming,-27.3,Pennsylvania,639.0171140080672
41,McKean,-32.5,Pennsylvania,147.69230769230768
42,Mercer,-5.3,Pennsylvania,691.8043573621874
43,Mifflin,-37.1,Pennsylvania,502.8393081624691
44,Monroe,13.0,Pennsylvania,1066.5351116749182
45,Montgomery,14.8,Pennsylvania,1491.9696960579602
46,Montour,-13.5,Pennsylvania,1097.0927043335162
47,Northampton,10.6,Pennsylvania,1491.7208510080745
48,Northumberland,-16.7,Pennsylvania,1208.6787094217498
49,Perry,-41.4,Pennsylvania,516.5110650069156
50,Philadelphia,65.8,Pennsylvania,2057.3663690355943
51,Pike,-10.7,Pennsylvania,1055.385332114892
52,Potter,-45.5,Pennsylvania,181.53213118722016
53,Schuylkill,-17.7,Pennsylvania,865.8804886848378
54,Snyder,-40.0,Pennsylvania,906.5689091449519
55,Somerset,-29.9,Pennsylvania,314.51250561629485
56,Sullivan,-25.2,Pennsylvania,214.30926475436863
57,Susquehanna,-31.0,Pennsylvania,743.9000198373337
58,Tioga,-39.5,Pennsylvania,204.47882535537437
59,Union,-22.9,Pennsylvania,1090.7552923891992
60,Venango,-25.6,Pennsylvania,187.49506591931788
61,Warren,-20.0,Pennsylvania,112.2706743895282
62,Washington,3.0,Pennsylvania,678.2200952311895
63,Wayne,-27.0,Pennsylvania,492.5916551469014
64,Westmoreland,-2.8,Pennsylvania,674.4072066701252
65,Wyoming,-28.0,Pennsylvania,294.84212883481376
66,York,-17.4,Pennsylvania,1115.2234232549026
0,Anderson,57.9,Texas,4886.117606304668
1,Andrews,62.5,Texas,2443.197006148089
2,Angelina,47.2,Texas,2524.3614138269045
3,Aransas,50.2,Texas,1424.9255635899615
4,Archer,79.2,Texas,1028.8787559920495
5,Armstrong,83.6,Texas,688.924218335983
6,Atascosa,29.0,Texas,2279.4362012003203
7,Austin,59.6,Texas,1671.550346297283
8,Bailey,52.8,Texas,3257.142857142857
9,Bandera,63.0,Texas,692.2810661128418
10,Bastrop,20.2,Texas,2102.047946981053
11,Baylor,71.8,Texas,569.9629524080933
12,Bee,15.3,Texas,5644.096422539536
13,Bell,15.0,Texas,1549.3601966251886
14,Bexar,-13.4,Texas,2928.6957077273682
15,Blanco,52.2,Texas,1215.3214315648308
16,Borden,81.9,Texas,152.90519877675845
17,Bosque,64.6,Texas,1878.5121755418784
18,Bowie,46.5,Texas,1543.246286664164
19,Brazoria,24.4,Texas,3092.7366778530663
20,Brazos,23.2,Texas,2889.041101866839
21,Brewster,4.8,Texas,2390.5248288601542
22,Briscoe,72.6,Texas,970.2457956015525
23,Brooks,-51.0,Texas,4581.982236007329
24,Brown,74.1,Texas,1563.4903866469474
25,Burleson,55.0,Texas,1919.4274250393107
26,Burnet,56.4,Texas,1601.079846329561
27,Caldwell,15.7,Texas,3730.762183950165
28,Calhoun,36.2,Texas,3903.240958196336
29,Callahan,77.0,Texas,702.8616510076741
30,Cameron,-32.5,Texas,5422.49676838476
31,Camp,42.7,Texas,2772.262104780816
32,Carson,80.0,Texas,523.1184610192372
33,Cass,59.4,Texas,1288.882968094318
34,Castro,44.5,Texas,3492.6958831341303
35,Chambers,61.9,Texas,3141.182106439765
36,Cherokee,56.3,Texas,2984.082361432967
37,Childress,74.3,Texas,1026.5535176567205
38,Clay,76.6,Texas,773.5650845191483
39,Cochran,54.3,Texas,2067.998597967053
40,Coke,79.1,Texas,1564.8066135222912
41,Coleman,76.6,Texas,978.5932721712538
42,Collin,16.7,Texas,1504.547079914567
43,Collingsworth,72.5,Texas,650.6849315068494
44,Colorado,51.0,Texas,2279.812031824315
45,Comal,49.7,Texas,1764.9431210749701
46,Comanche,67.7,Texas,2273.560689402273
47,Concho,69.0,Texas,4988.994864269993
48,Cooke,67.9,Texas,1117.3861405337275
49,Coryell,39.2,Texas,2421.297942094245
50,Cottle,67.6,Texas,2145.922746781116
51,Crane,54.2,Texas,1500.93808630394
52,Crockett,43.6,Texas,4734.411085450347
53,Crosby,41.3,Texas,1551.333449538086
54,Culberson,-22.7,Texas,2533.394748963611
55,Dallam,67.3,Texas,3581.7208727871553
56,Dallas,-26.1,Texas,3156.0423082235134
57,Dawson,50.5,Texas,3951.917033312382
58,Deaf Smith,40.9,Texas,4885.15043675186
59,Delta,63.0,Texas,543.987994747702
60,Denton,20.0,Texas,1400.46234982366
61,Dewitt,63.6,Texas,4940.476190476191
62,Dickens,69.0,Texas,2261.420171867933
63,Dimmit,-37.2,Texas,2548.3998419597
64,Donley,70.6,Texas,2013.4228187919464
65,Duval,-35.2,Texas,4060.2312449583223
66,Eastland,75.2,Texas,1040.3050108932464
67,Ector,40.4,Texas,1920.3118701984681
68,Edwards,41.3,Texas,3467.9089026915112
70,El Paso,-43.1,Texas,3046.6923566378077
69,Ellis,45.0,Texas,2424.983497992707
71,Erath,65.1,Texas,2089.090823926179
72,Falls,33.5,Texas,1769.0929062843265
73,Fannin,61.6,Texas,1973.8694599312946
74,Fayette,59.0,Texas,1952.9708829795627
75,Fisher,49.8,Texas,1775.4569190600519
76,Floyd,53.0,Texas,1960.7843137254904
77,Foard,52.6,Texas,1558.4415584415585
78,Fort Bend,-6.6,Texas,2045.4903854683082
79,Franklin,66.7,Texas,1268.065268065268
80,Freestone,59.3,Texas,2130.1415022569354
81,Frio,-13.4,Texas,4845.858366985128
82,Gaines,71.6,Texas,1763.4468639493766
83,Galveston,24.5,Texas,3445.3833091229003
84,Garza,67.0,Texas,1685.6638304703806
85,Gillespie,61.7,Texas,1189.4175188972874
86,Glasscock,85.9,Texas,638.7508871540099
87,Goliad,44.4,Texas,2037.0854008879605
88,Gonzales,47.6,Texas,5101.5021356241305
89,Gray,78.3,Texas,1516.9514758292976
90,Grayson,52.8,Texas,1441.8700261357294
91,Gregg,40.9,Texas,1848.4005002218728
92,Grimes,51.1,Texas,3781.163434903047
93,Guadalupe,31.5,Texas,2183.437520602708
94,Hale,48.2,Texas,5807.339998802609
95,Hall,66.8,Texas,1180.8367071524967
96,Hamilton,71.3,Texas,1820.1158255525354
97,Hansford,80.1,Texas,2685.682533802556
98,Hardeman,63.3,Texas,635.6470887363338
99,Hardin,73.9,Texas,2357.557029269817
100,Harris,-12.3,Texas,3125.1398959333387
101,Harrison,43.7,Texas,1385.3620422820914
102,Hartley,79.8,Texas,2528.694404591105
103,Haskell,61.5,Texas,1254.8603746907033
104,Hays,0.8,Texas,2585.2444274537233
105,Hemphill,75.6,Texas,2173.3438072793924
106,Henderson,59.8,Texas,1215.9009874663088
107,Hidalgo,-40.4,Texas,3730.371690339781
108,Hill,58.3,Texas,1937.2970613113594
109,Hockley,62.2,Texas,1620.2597628252465
110,Hood,66.2,Texas,1625.4887010690588
111,Hopkins,60.6,Texas,1038.1835832164816
112,Houston,50.6,Texas,1671.8913270637408
113,Howard,55.8,Texas,2501.0909884355224
114,Hudspeth,20.5,Texas,1268.931641424478
115,Hunt,55.5,Texas,1729.314157048096
116,Hutchinson,75.9,Texas,1112.8092463463558
117,Irion,74.4,Texas,781.25
118,Jack,79.4,Texas,1566.8718522663685
119,Jackson,63.4,Texas,4159.891598915989
120,Jasper,59.8,Texas,1359.4528413408764
121,Jeff Davis,22.9,Texas,615.6552330694811
122,Jefferson,0.5,Texas,3015.1253155248146
123,Jim Hogg,-56.9,Texas,2134.6153846153848
124,Jim Wells,-10.3,Texas,3762.1659008942243
125,Johnson,58.0,Texas,1802.4423121768655
126,Jones,65.2,Texas,2828.262709754519
127,Karnes,43.4,Texas,6050.89417345042
128,Kaufman,46.8,Texas,2351.748755086153
129,Kendall,59.9,Texas,723.1557420252577
130,Kenedy,-8.1,Texas,1732.6732673267327
131,Kent,69.4,Texas,1181.1023622047244
132,Kerr,56.0,Texas,1152.0912547528515
133,Kimble,76.4,Texas,391.97602029052337
134,King,90.6,Texas,0.0
135,Kinney,33.4,Texas,1281.7016634851375
136,Kleberg,-3.7,Texas,3318.122555410691
137,Knox,60.8,Texas,2811.1353711790393
141,LaSalle,-12.5,Texas,4640.95744680851
138,Lamar,59.0,Texas,2509.0755931727467
139,Lamb,58.6,Texas,2683.6267742185682
140,Lampasas,59.7,Texas,1227.366063095016
142,Lavaca,71.3,Texas,5011.412126624988
143,Lee,55.5,Texas,1334.1841174082026
144,Leon,73.7,Texas,1476.6720294185245
145,Liberty,57.8,Texas,2539.1355603668144
146,Limestone,51.9,Texas,2513.1202798993045
147,Lipscomb,76.9,Texas,1113.5168574079803
148,Live Oak,63.3,Texas,3063.815843368559
149,Llano,62.0,Texas,633.1727460426703
150,Loving,83.1,Texas,0.0
151,Lubbock,38.0,Texas,4050.629650737839
152,Lynn,56.9,Texas,1848.4288354898333
153,Madison,57.6,Texas,2104.208416833668
154,Marion,42.9,Texas,3267.4390058568406
155,Martin,67.5,Texas,3230.1480484522212
156,Mason,63.3,Texas,5096.611593391207
157,Matagorda,39.9,Texas,1542.520803734524
158,Maverick,-55.8,Texas,1351.5855137757756
159,McCulloch,66.7,Texas,1848.3855872718766
160,McLennan,26.8,Texas,2881.8601097071746
161,McMullen,83.0,Texas,6321.310582064643
162,Medina,43.2,Texas,2376.705955334988
163,Menard,61.1,Texas,1356.4078578110384
164,Midland,54.8,Texas,2229.8000361925447
165,Milam,49.8,Texas,2058.5747089392903
166,Mills,76.1,Texas,1251.795608454751
167,Mitchell,64.9,Texas,1146.8695143358686
168,Montague,77.2,Texas,958.7243919668988
169,Montgomery,51.1,Texas,1816.2929644989802
170,Moore,54.5,Texas,5659.0257879656165
171,Morris,40.6,Texas,1541.814659347756
172,Motley,85.5,Texas,833.3333333333335
173,Nacogdoches,35.0,Texas,2519.784062327465
174,Navarro,48.6,Texas,2628.0605830822337
175,Newton,56.6,Texas,1338.7274733357856
176,Nolan,51.9,Texas,1855.3758325404376
177,Nueces,1.5,Texas,4418.234914185718
178,Ochiltree,78.4,Texas,1464.0097600650672
179,Oldham,81.4,Texas,899.6212121212121
180,Orange,61.8,Texas,2404.1920475802194
181,Palo Pinto,64.0,Texas,2035.013189900305
182,Panola,63.5,Texas,1707.338104682245
183,Parker,67.1,Texas,1427.7915424348043
184,Parmer,58.0,Texas,4612.1811556481
185,Pecos,21.8,Texas,2477.406307274221
186,Polk,55.4,Texas,1699.9980526940976
187,Potter,41.8,Texas,5218.242984286505
188,Presidio,-36.5,Texas,1446.8973747016705
189,Rains,71.0,Texas,575.3556017260668
190,Randall,64.6,Texas,2318.5901113184673
191,Reagan,60.0,Texas,2312.288906209405
192,Real,66.6,Texas,3418.3082271147164
193,Red River,53.8,Texas,1389.004408217583
194,Reeves,-7.6,Texas,1326.9904857285926
195,Refugio,27.0,Texas,4461.715601611974
196,Roberts,91.0,Texas,1405.1522248243562
197,Robertson,35.0,Texas,1909.3358322595761
198,Rockwall,47.0,Texas,1601.2962874708096
199,Runnels,74.0,Texas,2718.2385035074053
200,Rusk,56.5,Texas,1773.7014299893397
201,Sabine,72.8,Texas,777.8410168848416
202,San Augustine,48.0,Texas,2513.050868034479
203,San Jacinto,58.2,Texas,786.5830416854359
204,San Patricio,23.8,Texas,2249.363105050202
205,San Saba,73.5,Texas,1139.5540875309662
206,Schleicher,57.9,Texas,1897.6011457214465
207,Scurry,69.5,Texas,4544.093875351733
208,Shackelford,84.8,Texas,857.5803981623277
209,Shelby,59.7,Texas,1918.9681095196647
210,Sherman,76.0,Texas,2183.9841164791533
211,Smith,43.2,Texas,1665.2989675661972
212,Somervell,68.4,Texas,1621.384750219106
213,Starr,-60.2,Texas,5339.377717265174
214,Stephens,77.6,Texas,1473.414477898783
215,Sterling,75.7,Texas,387.2966692486445
216,Stonewall,59.9,Texas,1185.1851851851852
217,Sutton,53.8,Texas,2224.5762711864404
218,Swisher,54.9,Texas,1446.5323779910775
219,Tarrant,8.6,Texas,2273.1347933308443
220,Taylor,50.6,Texas,1113.4937768955476
221,Terrell,33.8,Texas,386.59793814432993
222,Terry,50.9,Texas,2318.2297154899898
223,Throckmorton,78.1,Texas,532.9780146568954
224,Titus,41.6,Texas,4519.083969465649
225,Tom Green,47.6,Texas,1946.308724832215
226,Travis,-38.6,Texas,2335.249153423122
227,Trinity,59.9,Texas,1351.4435874684325
228,Tyler,67.1,Texas,1061.2772240679217
229,Upshur,67.6,Texas,962.8050678993126
230,Upton,53.5,Texas,683.6204539239815
231,Uvalde,10.8,Texas,2999.13989753562
232,Val Verde,-7.9,Texas,4552.779194288628
233,Van Zandt,71.6,Texas,1051.4225128114508
234,Victoria,39.9,Texas,4452.456452803962
235,Walker,34.3,Texas,5151.361499773883
236,Waller,28.5,Texas,1585.6351591065418
237,Ward,51.2,Texas,1141.8569761626939
238,Washington,51.0,Texas,1800.3455771696115
239,Webb,-51.6,Texas,5093.041076876365
240,Wharton,40.1,Texas,3335.2584464337287
241,Wheeler,82.1,Texas,988.9240506329114
242,Wichita,49.5,Texas,1459.5780080163352
243,Wilbarger,57.4,Texas,1660.2709687524473
244,Willacy,-36.8,Texas,5646.5961232325135
245,Williamson,9.7,Texas,1474.2164520930453
246,Wilson,47.4,Texas,1787.7423144703346
247,Winkler,52.4,Texas,1498.1273408239701
248,Wise,69.7,Texas,1120.2560585276635
249,Wood,69.8,Texas,1185.7967895649879
250,Yoakum,59.5,Texas,2961.092620222656
251,Young,74.3,Texas,1921.1549139367014
252,Zapata,-32.9,Texas,2362.648987939911
253,Zavala,-57.2,Texas,3184.1216216216217
0,Accomack,-11.6,Virginia,3666.9142220571853
1,Albemarle,24.8,Virginia,1251.2576602945212
95,Alexandria,59.0,Virginia,2453.772235742781
2,Alleghany,-37.0,Virginia,538.3580080753701
3,Amelia,-36.6,Virginia,950.9319132750093
4,Amherst,-30.3,Virginia,1351.0520487264673
5,Appomattox,-46.1,Virginia,1407.8310602727674
6,Arlington,59.2,Virginia,1707.889647950955
7,Augusta,-49.5,Virginia,694.8304613674263
8,Bath,-41.9,Virginia,361.7072582589824
9,Bedford,-49.1,Virginia,1067.129131486006
10,Bland,-67.5,Virginia,1019.1082802547772
11,Botetourt,-47.4,Virginia,942.5775756306293
96,Bristol,-43.5,Virginia,1157.379787614843
12,Brunswick,18.7,Virginia,2273.427392027601
13,Buchanan,-60.3,Virginia,833.1746334031614
14,Buckingham,-11.3,Virginia,4058.782365290413
97,Buena Vista,-30.6,Virginia,1389.3176906452607
15,Campbell,-46.8,Virginia,883.6658467705204
16,Caroline,-4.8,Virginia,1204.2310821806345
17,Carroll,-59.3,Virginia,1715.2831392031148
18,Charles City,24.8,Virginia,1206.376561826799
19,Charlotte,-22.8,Virginia,1178.4511784511785
98,Charlottesville,66.5,Virginia,2885.7952862522748
99,Chesapeake,-1.3,Virginia,1802.0299385300304
20,Chesterfield,-2.2,Virginia,1748.8562990005726
21,Clarke,-19.6,Virginia,663.5200766126275
100,Colonial Heights,-39.2,Virginia,1537.1329879101902
101,Covington,-18.3,Virginia,595.8829902491874
22,Craig,-57.2,Virginia,604.1707269538101
23,Culpeper,-25.2,Virginia,2324.874061401008
24,Cumberland,-13.5,Virginia,1077.3258155457108
102,Danville,19.8,Virginia,2377.3848766357005
25,Dickenson,-55.8,Virginia,712.3899986031569
26,Dinwiddie,-12.4,Virginia,1460.9024663677128
103,Emporia,31.3,Virginia,4882.154882154882
27,Essex,-2.1,Virginia,1670.7751301013418
28,Fairfax,35.8,Virginia,1854.5888044952123
104,Fairfax,30.5,Virginia,578.7085224197509
105,Falls Church,58.0,Virginia,492.5771362112609
29,Fauquier,-24.4,Virginia,1353.5143635393558
30,Floyd,-37.2,Virginia,1352.4668232903678
31,Fluvanna,-9.3,Virginia,1408.140814081408
32,Franklin,-41.9,Virginia,753.0066735662538
106,Franklin,27.0,Virginia,5447.470817120622
33,Frederick,-35.0,Virginia,1056.9569939426513
107,Fredericksburg,26.3,Virginia,1901.0883041741288
108,Galax,-38.8,Virginia,6633.054986607845
34,Giles,-48.2,Virginia,562.2009569377991
35,Gloucester,-39.2,Virginia,698.8326014779907
36,Goochland,-24.9,Virginia,1187.2184566160065
37,Grayson,-57.4,Virginia,2090.032154340836
38,Greene,-31.4,Virginia,1170.5938745648116
39,Greensville,18.8,Virginia,7092.4488355681015
40,Halifax,-16.5,Virginia,1099.9380731915896
109,Hampton,37.5,Virginia,1399.8959185190693
41,Hanover,-32.3,Virginia,1260.1377057699087
110,Harrisonburg,22.2,Virginia,5083.371057793874
42,Henrico,20.8,Virginia,1684.3098017641119
43,Henry,-29.1,Virginia,2183.6738730541765
44,Highland,-42.2,Virginia,365.296803652968
111,Hopewell,9.3,Virginia,1855.3863908739847
45,Isle of Wight,-20.5,Virginia,2080.3578646689484
46,James City,-5.2,Virginia,1131.6858983573566
48,King George,-27.7,Virginia,875.6893724847222
49,King William,-35.1,Virginia,962.2113365990203
47,King and Queen,-17.1,Virginia,1110.320284697509
50,Lancaster,-9.8,Virginia,1518.4381778741863
51,Lee,-62.9,Virginia,1285.0616914998081
112,Lexington,30.3,Virginia,1665.32366371206
52,Loudoun,16.8,Virginia,1689.0829863277381
53,Louisa,-24.5,Virginia,819.3450559974461
54,Lunenburg,-17.5,Virginia,1008.527386028206
113,Lynchburg,-8.9,Virginia,1883.9450881121606
55,Madison,-31.8,Virginia,852.1227660055803
114,Manassas,16.0,Virginia,4738.955823293173
115,Manassas Park,28.1,Virginia,3524.4307128962128
116,Martinsville,23.4,Virginia,3202.166640114704
56,Mathews,-36.8,Virginia,996.151233869142
57,Mecklenburg,-13.4,Virginia,2599.1434269460888
58,Middlesex,-26.0,Virginia,1181.2511812511814
59,Montgomery,1.3,Virginia,2158.623839244938
60,Nelson,-5.6,Virginia,736.771600803751
61,New Kent,-37.3,Virginia,900.7838551816724
117,Newport News,26.6,Virginia,1571.7673315664667
118,Norfolk,42.5,Virginia,2033.4346754990893
62,Northampton,9.2,Virginia,2630.2305721605467
63,Northumberland,-19.6,Virginia,1488.2182720132287
119,Norton,-43.7,Virginia,979.6533534287868
64,Nottoway,-13.1,Virginia,1785.7142857142856
65,Orange,-26.4,Virginia,925.7509918760628
66,Page,-49.5,Virginia,1715.337628650322
67,Patrick,-55.0,Virginia,1607.2239890958656
120,Petersburg,76.7,Virginia,2469.2145728322594
68,Pittsylvania,-39.1,Virginia,1774.5302713987476
121,Poquoson,-48.6,Virginia,619.3464265341048
122,Portsmouth,36.3,Virginia,2774.4231869319265
69,Powhatan,-46.3,Virginia,795.8990961823822
70,Prince Edward,5.4,Virginia,2688.3606701166564
71,Prince George,-16.9,Virginia,2252.7572810471147
72,Prince William,21.1,Virginia,2709.5580809423072
73,Pulaski,-40.6,Virginia,714.1387721515268
123,Radford,4.7,Virginia,4120.7737410269065
74,Rappahannock,-17.7,Virginia,868.3853459972862
75,Richmond,-23.7,Virginia,3978.7210462152284
124,Richmond,63.5,Virginia,2064.3475845787984
76,Roanoke,-27.6,Virginia,1015.0128469199243
125,Roanoke,19.0,Virginia,1908.3545989126815
77,Rockbridge County,-29.4,Virginia,544.8987728702432
78,Rockingham,-44.3,Virginia,1860.936203446088
79,Russell,-58.7,Virginia,1087.0382908297602
126,Salem,-24.7,Virginia,1154.1045808466067
80,Scott,-66.0,Virginia,936.6595567096356
81,Shenandoah,-43.0,Virginia,1882.3367571533386
82,Smyth,-55.0,Virginia,1787.1379218708478
83,Southampton,-16.2,Virginia,4469.40048777721
84,Spotsylvania,-16.7,Virginia,1605.5500495540139
85,Stafford,-9.0,Virginia,1350.7149304692507
127,Staunton,1.8,Virginia,1127.0656184822715
128,Suffolk,12.2,Virginia,2295.1318017978892
86,Surry,10.7,Virginia,1977.5770787916535
87,Sussex,16.3,Virginia,5269.2893628461325
88,Tazewell,-66.1,Virginia,840.0049267151128
129,Virginia Beach,-3.5,Virginia,1568.757305977679
89,Warren,-36.8,Virginia,1117.916542177074
90,Washington,-53.3,Virginia,1179.7543729065876
130,Waynesboro,-11.3,Virginia,1277.0658418029166
91,Westmoreland,-7.1,Virginia,1537.6075492645016
131,Williamsburg,43.0,Virginia,1277.25023405109
132,Winchester,3.5,Virginia,1844.8607450673126
92,Wise,-61.9,Virginia,1193.0556670144185
93,Wythe,-54.5,Virginia,913.4011992748572
94,York,-17.1,Virginia,823.0814294083187
