,County,State,Population Density,Dem Rep Margin,Population Over 85,Nonwhite Population,Unemployment Rate (2019),Median Household Income (2019,COVID Cases Per 100K
0,Alameda,California,1898.5,44.6,31209,14167,2.9,1744,1286.8800816595653
1,Alpine,California,1.6,15.4,29,5,5.1,5384,177.1479185119575
2,Amador,California,61.3,-15.4,1098,53,3.8,8515,651.5395451801168
3,Butte,California,132.1,0.6,5087,301,5.1,945,1295.7031927221628
4,Calaveras,California,43.3,-14.5,1171,72,3.8,2984,705.8054678139638
5,Colusa,California,18.5,-10.9,372,25,12.8,7249,2496.867313315079
6,Contra Costa,California,1345.2,29.1,23440,5481,3.1,1463,1479.723907393505
7,Del Norte,California,22.8,-5.4,542,63,5.7,8518,524.9532575866533
8,El Dorado,California,101.6,-11.3,4438,206,3.5,1869,611.8967242782987
9,Fresno,California,157.8,4.8,15441,2528,7.2,2318,2882.191089789721
10,Glenn,California,21.1,-14.2,514,27,6.1,7365,2123.7628993061667
11,Humboldt,California,33.3,20.9,2770,227,3.6,9471,382.12425677569746
12,Imperial,California,39.5,28.9,3234,304,18.3,6633,6623.072041497669
13,Inyo,California,1.8,-8.9,610,60,3.5,3793,1058.8170075946562
14,Kern,California,105.1,-1.7,10371,1397,7.7,1586,3592.8602691395927
15,Kings,California,108.8,-7.6,1941,242,7.9,8255,5133.385641428011
16,Lake,California,48.3,10.9,1454,120,5.0,5086,902.3700804522723
17,Lassen,California,7.1,-29.2,548,59,4.6,7705,2426.9780525300102
18,Los Angeles,California,2099.4,33.0,193087,61136,4.4,7986,2715.908895083995
19,Madera,California,70.8,-6.6,2391,231,6.9,3632,2950.542500651509
20,Marin,California,310.1,40.9,7883,629,2.3,22933,2599.81609266457
21,Mariposa,California,12.3,-14.8,537,40,4.6,1402,441.7834098703715
22,Mendocino,California,22.6,27.2,2163,153,4.0,1386,1119.3212601874372
23,Merced,California,132.2,15.4,3754,597,8.1,6169,3253.0250648228166
24,Modoc,California,2.2,-27.9,266,18,7.1,5227,305.3953172718018
25,Mono,California,4.5,3.9,209,17,3.7,6499,1170.0360011077262
26,Monterey,California,112.7,28.6,8376,1495,6.2,9665,2354.277394191139
27,Napa,California,176.6,23.6,3649,390,2.8,5624,1258.8570101057032
28,Nevada,California,101.3,3.5,3033,97,3.3,6681,544.3336173625382
29,Orange,California,3255.4,-0.7,64090,14690,2.8,9373,1704.1325166294464
30,Placer,California,240.6,-13.1,9879,798,3.1,9175,910.8048874171852
31,Plumas,California,7.4,-14.2,445,31,7.7,5079,265.85845695751584
32,Riverside,California,310.4,4.7,43764,5212,4.2,6793,2425.94147204707
33,Sacramento,California,1459.0,16.8,27883,7546,3.7,9475,1472.560948108898
34,San Benito,California,40.9,19.2,978,82,5.0,63,2162.144949687938
35,San Bernardino,California,103.4,10.0,27222,5168,3.8,3310,2553.6160287328244
36,San Diego,California,703.4,8.6,64590,10911,3.2,8777,1431.5840555008044
37,San Francisco,California,3575.3,50.4,22453,13030,2.2,10601,1288.640790245352
38,San Joaquin,California,491.4,12.6,11966,2784,5.9,3567,2687.798170434089
39,San Luis Obispo,California,75.8,-0.1,7152,357,2.9,626,1301.6096160163333
40,San Mateo,California,998.5,35.2,18411,5794,2.0,22930,1320.9439935922605
41,Santa Barbara,California,113.9,16.6,10475,841,3.7,5646,2071.4492081729186
42,Santa Clara,California,1412.2,28.3,37443,13667,2.5,25933,1120.677313403726
43,Santa Cruz,California,440.1,40.5,5192,438,4.7,4213,908.082704702924
44,Shasta,California,46.4,-23.0,4044,220,4.7,3908,529.2092403376278
45,Sierra,California,3.1,-12.6,93,5,5.4,2308,199.6672212978369
46,Siskiyou,California,7.0,-8.4,1121,88,6.5,7560,383.56416086726836
47,Solano,California,465.3,23.9,8169,2908,3.7,2808,1456.5178054833875
48,Sonoma,California,278.2,33.7,12197,778,2.7,1002,1551.1716727084408
49,Stanislaus,California,345.2,2.5,8670,911,6.0,9616,3019.6491482947736
50,Sutter,California,156.2,-9.4,2039,503,7.3,7879,1802.600777552052
51,Tehama,California,21.4,-18.1,1471,66,5.5,7572,929.5679429660132
52,Trinity,California,4.2,-0.7,300,32,5.5,680,130.24013024013024
53,Tulare,California,93.2,-7.4,6156,626,9.6,8763,3517.6267441735754
54,Tuolumne,California,23.9,-12.2,1639,67,4.5,6500,422.18877344983287
55,Ventura,California,378.5,10.4,17743,2099,3.6,4170,1529.8945870360258
56,Yolo,California,199.5,27.7,3678,578,4.1,7804,1291.156462585034
57,Yuba,California,113.5,-9.1,966,113,6.1,7504,1510.143895866172
58,Appling,Georgia,36.0,-58.0,319,47,3.9,2781,5770.695094093333
59,Atkinson,Georgia,24.1,-45.2,90,29,3.0,6779,5486.83404776485
60,Bacon,Georgia,39.2,-68.6,162,13,3.5,8775,5410.247223217485
61,Baker,Georgia,9.6,-8.7,103,39,4.7,8288,2764.976958525345
62,Baldwin,Georgia,171.5,1.7,742,253,4.2,2727,4778.347070617064
63,Banks,Georgia,78.3,-78.4,249,17,2.7,5384,2615.160653010294
64,Barrow,Georgia,435.0,-50.4,996,106,2.8,1413,2731.859682844786
65,Bartow,Georgia,214.4,-55.2,1414,112,3.3,7409,2791.030091518313
66,Ben Hill,Georgia,69.1,-27.6,286,80,5.5,5020,4832.335329341317
67,Berrien,Georgia,41.7,-66.4,362,35,4.0,9412,2376.656183945971
68,Bibb,Georgia,607.9,20.5,2886,1018,3.9,1390,4006.2941126541705
69,Bleckley,Georgia,58.9,-53.0,317,42,5.0,6019,3472.384059659753
70,Brantley,Georgia,41.3,-78.6,301,17,4.1,1874,1836.8308127060543
71,Brooks,Georgia,31.7,-18.6,238,68,3.4,6354,3402.9889370511737
72,Bryan,Georgia,70.8,-43.2,373,50,3.0,9658,2965.150023973553
73,Bulloch,Georgia,104.5,-23.1,863,180,3.7,3766,3670.4853783539343
74,Burke,Georgia,27.7,2.6,316,121,5.1,2785,3766.2511727650453
75,Butts,Georgia,124.8,-43.8,461,95,3.4,8831,2743.0221366698747
76,Calhoun,Georgia,23.1,17.2,161,99,3.6,3393,4039.4247859104853
77,Camden,Georgia,65.5,-33.8,589,121,3.6,6555,2431.127208868401
78,Candler,Georgia,44.4,-43.5,182,38,3.0,5841,4396.92677959826
79,Carroll,Georgia,222.0,-40.1,1519,195,3.4,2502,2395.159677311821
80,Catoosa,Georgia,399.8,-60.7,1217,28,3.0,5807,1830.423202130808
81,Charlton,Georgia,16.7,-48.6,226,54,3.8,499,4786.439665471923
82,Chatham,Georgia,435.4,14.9,5229,1596,3.3,4165,2989.3238434163704
83,Chattahoochee,Georgia,47.2,-11.3,65,33,4.6,6869,15430.457504355
84,Chattooga,Georgia,81.3,-58.8,500,52,5.0,9513,3275.6464560893946
85,Cherokee,Georgia,510.9,-50.0,2792,113,2.7,2733,2410.993418942471
86,Clarke,Georgia,988.8,38.1,1549,340,3.6,2112,4050.4632551760683
87,Clay,Georgia,14.3,10.3,82,47,6.9,239,4269.583627381792
88,Clayton,Georgia,1830.7,70.9,1922,1029,4.2,6059,2456.0659148144096
89,Clinch,Georgia,8.2,-42.6,87,12,3.9,7593,5893.0190389845875
90,Cobb,Georgia,2057.7,2.2,9228,1333,3.0,8603,2632.4063561891808
91,Coffee,Georgia,71.3,-39.5,567,122,3.9,9480,4843.666951678876
92,Colquitt,Georgia,82.6,-47.3,841,138,3.2,8633,4199.561403508772
93,Columbia,Georgia,430.3,-37.7,2073,314,3.0,2184,2458.618885358041
94,Cook,Georgia,73.2,-40.1,286,73,3.4,8827,3213.6653155761437
95,Coweta,Georgia,294.8,-42.3,1747,262,2.9,974,1797.1974762472307
96,Crawford,Georgia,38.4,-42.9,174,33,3.6,8004,1370.5256368913251
97,Crisp,Georgia,83.3,-22.8,527,126,3.9,6096,2614.8757375290547
98,Dade,Georgia,94.9,-65.5,323,18,3.3,8779,1799.4539587987094
99,Dawson,Georgia,104.9,-72.2,350,8,2.8,8835,3248.046575762219
100,Decatur,Georgia,44.1,64.0,10667,4399,3.4,3477,2519.17233967736
101,Dekalb,Georgia,2608.2,-18.5,502,159,3.8,8441,4567.489774276624
102,Dodge,Georgia,42.5,-45.5,420,93,5.4,5636,2130.5508371754427
103,Dooly,Georgia,36.4,-2.1,290,127,3.8,7278,2584.0179238237492
104,Dougherty,Georgia,280.6,38.4,1772,799,4.7,8806,3604.074764655055
105,Douglas,Georgia,671.7,10.8,1376,249,3.5,512,2508.4903275182282
106,Early,Georgia,20.6,-8.0,246,108,3.9,4984,5034.347399411187
107,Echols,Georgia,9.6,-72.4,68,13,2.8,8667,6040.938592111834
108,Effingham,Georgia,111.1,-55.6,638,100,2.9,5793,2342.291899962673
109,Elbert,Georgia,52.6,-34.5,470,86,4.0,9681,3693.8626654162763
110,Emanuel,Georgia,32.9,-37.0,375,88,5.3,7574,4866.201536695222
111,Evans,Georgia,58.2,-35.4,198,50,3.4,7319,4054.815092922846
112,Fannin,Georgia,60.3,-65.5,789,26,3.3,3439,2707.346876431953
113,Fayette,Georgia,541.5,-19.5,2164,330,3.0,5021,1679.7615822270388
114,Floyd,Georgia,185.4,-43.5,1931,205,3.8,4906,3363.520071473533
115,Forsyth,Georgia,765.9,-47.6,2561,144,2.7,5921,1724.0391071516306
116,Franklin,Georgia,82.8,-68.6,482,35,3.5,2904,3319.199965737291
117,Fulton,Georgia,1809.9,41.6,14681,5816,3.5,808,2640.757864422424
118,Gilmer,Georgia,66.0,-66.8,660,35,3.5,7757,2738.3722783639896
119,Glascock,Georgia,21.4,-78.9,79,13,3.7,2820,1346.348030966005
120,Glynn,Georgia,138.3,-28.5,1841,287,3.3,3906,4126.999015147962
121,Gordon,Georgia,155.5,-63.6,839,49,3.4,9101,3298.656039197419
122,Grady,Georgia,54.8,-33.0,456,99,3.4,1002,3276.093045914017
123,Greene,Georgia,39.9,-25.9,453,99,3.9,4016,2815.9790438768828
124,Gwinnett,Georgia,1928.0,5.9,8214,2015,3.0,2008,2998.558077436581
125,Habersham,Georgia,155.3,-66.4,864,30,3.5,1829,3823.2439110483588
126,Hall,Georgia,431.7,-50.6,3341,210,2.8,1631,4704.535782939821
127,Hancock,Georgia,18.9,51.9,255,162,5.5,1716,4717.985101099681
128,Haralson,Georgia,100.9,-71.6,487,25,3.3,7662,1738.7218045112784
129,Harris,Georgia,68.8,-47.9,620,140,3.1,4686,2284.5953002610972
130,Hart,Georgia,98.9,-46.6,593,62,3.5,7171,2014.8826559816828
131,Heard,Georgia,38.8,-62.4,219,23,3.3,6218,1685.817327853728
132,Henry,Georgia,640.2,4.4,2137,616,3.5,2970,2308.9942488307943
133,Houston,Georgia,383.3,-21.5,1966,367,3.3,728,2023.906805267859
134,Irwin,Georgia,26.1,-49.8,241,41,4.7,8156,3430.331350892099
135,Jackson,Georgia,177.6,-63.8,871,73,2.7,8984,2831.028954328076
136,Jasper,Georgia,36.5,-46.8,232,77,3.1,1241,1582.3897601800406
137,Jeff Davis,Georgia,44.8,-62.9,175,36,4.6,7211,4829.63943102878
138,Jefferson,Georgia,31.3,10.9,294,121,4.7,8274,5305.298789220154
139,Jenkins,Georgia,24.9,-25.3,175,59,5.1,1419,5048.4094052558785
140,Johnson,Georgia,32.1,-37.6,231,65,3.6,4849,4355.491029762522
141,Jones,Georgia,72.8,-34.7,483,123,3.2,5737,1994.0838698451366
142,Lamar,Georgia,97.5,-38.5,343,77,3.9,8323,1997.169366252556
143,Lanier,Georgia,51.8,-41.2,134,20,3.9,1564,2849.4675237455626
144,Laurens,Georgia,58.7,-29.0,1089,263,4.6,2114,3615.4460943086688
145,Lee,Georgia,79.6,-53.0,285,49,3.1,6090,2367.2979461189652
146,Liberty,Georgia,107.0,21.2,403,174,3.7,7685,1860.5029706193536
147,Lincoln,Georgia,30.3,-36.2,187,39,3.9,6967,2701.679080924125
148,Long,Georgia,39.5,-30.8,213,80,3.6,6428,1308.8603711846208
149,Lowndes,Georgia,220.4,-17.5,1551,457,3.5,1820,3395.908215934449
150,Lumpkin,Georgia,108.1,-60.0,503,22,3.1,5583,2796.7866706337395
151,Macon,Georgia,35.1,27.2,194,95,4.6,2868,2885.698198198198
152,Madison,Georgia,98.5,-56.7,434,36,3.0,1338,2058.700792878008
153,Marion,Georgia,23.8,-22.2,131,59,4.2,9114,1822.8160963929868
154,Mcduffie,Georgia,80.9,-18.7,338,103,5.1,2768,2389.558232931727
155,Mcintosh,Georgia,24.7,-20.1,403,170,3.6,2513,2308.888623041033
156,Meriwether,Georgia,42.4,-15.4,508,154,4.5,8886,2636.1789578116877
157,Miller,Georgia,21.2,-49.8,204,32,3.3,2483,4861.839804127317
158,Mitchell,Georgia,45.1,-10.0,387,144,4.6,6788,3768.924667246032
159,Monroe,Georgia,67.3,-41.5,605,114,3.2,9362,2560.0116034520265
160,Montgomery,Georgia,36.8,-51.2,118,26,5.3,1834,3521.587440034889
161,Morgan,Georgia,50.4,-41.3,381,80,3.1,7978,2536.8333679186553
162,Murray,Georgia,113.7,-68.7,493,17,5.0,6810,2127.394253790902
163,Muscogee,Georgia,897.0,18.8,3307,1235,4.5,6628,3115.917228979052
164,Newton,Georgia,363.6,2.4,1384,371,3.9,6598,2361.648052691867
165,Oconee,Georgia,181.2,-39.4,625,27,2.5,9497,1914.101290963257
166,Oglethorpe,Georgia,33.2,-42.0,301,52,3.2,1105,2267.514253882954
167,Paulding,Georgia,463.1,-41.2,1425,174,2.9,3309,1695.6488228284134
168,Peach,Georgia,180.7,-2.9,434,131,4.1,6525,2483.119146155522
169,Pickens,Georgia,127.0,-69.2,572,12,3.0,5062,1939.1856647540733
170,Pierce,Georgia,54.9,-74.0,341,40,3.4,4389,3190.3416388389423
171,Pike,Georgia,81.2,-69.6,286,48,3.0,6901,1835.249446260943
172,Polk,Georgia,132.2,-57.5,663,87,3.6,3679,3557.599793490249
173,Pulaski,Georgia,46.5,-37.0,294,69,3.8,582,2855.347041393553
174,Putnam,Georgia,58.8,-40.0,463,73,4.3,1205,3232.515032325151
175,Quitman,Georgia,15.0,-10.9,73,34,5.0,3908,1478.9038712483691
176,Rabun,Georgia,43.2,-60.9,473,17,3.5,4213,2205.753632491101
177,Randolph,Georgia,17.2,11.3,291,136,4.8,8298,4883.446444378872
178,Richmond,Georgia,612.4,32.4,3096,1250,4.5,168,3589.8043630689613
179,Rockdale,Georgia,653.0,26.0,1262,396,3.8,9673,2085.90036965323
180,Schley,Georgia,30.1,-56.1,100,25,3.9,5378,2016.359140194027
181,Screven,Georgia,21.8,-17.6,263,89,5.4,9048,3043.104682801088
182,Seminole,Georgia,34.3,-32.3,213,58,4.4,6869,4610.630407911001
183,Spalding,Georgia,320.4,-24.6,1251,297,4.0,3510,2044.8855373821268
184,Stephens,Georgia,139.7,-59.9,422,56,3.9,5850,4331.726133076181
185,Stewart,Georgia,12.7,20.3,145,78,4.2,3053,7899.108895937169
186,Sumter,Georgia,64.6,2.2,571,160,4.8,7562,3187.237501693537
187,Talbot,Georgia,16.7,24.8,120,78,4.5,7265,2679.580306698951
188,Taliaferro,Georgia,8.7,21.8,67,37,4.9,4090,1496.4216005204944
189,Tattnall,Georgia,51.9,-49.6,362,60,3.8,1440,3361.5439373566405
190,Taylor,Georgia,22.4,-22.6,171,61,4.0,6310,2705.7356608478804
191,Telfair,Georgia,37.1,-30.0,453,143,9.5,4297,2496.847414880202
192,Terrell,Georgia,27.6,9.4,187,66,5.0,5290,3879.967178525377
193,Thomas,Georgia,81.0,-21.8,921,273,4.0,1642,3396.998942655958
194,Tift,Georgia,151.5,-36.9,703,134,3.4,5680,4485.286881212479
195,Toombs,Georgia,73.5,-46.9,547,112,4.9,7148,5068.95266492732
196,Towns,Georgia,62.0,-61.9,496,7,4.8,5853,2916.0089723353003
197,Treutlen,Georgia,33.5,-35.0,151,34,5.3,5069,3825.532531517171
198,Troup,Georgia,153.3,-23.2,1270,272,3.2,5234,4075.97036698035
199,Turner,Georgia,29.3,-25.0,195,47,3.8,3261,3969.9436443331238
200,Twiggs,Georgia,23.7,-1.6,151,65,5.4,2054,2450.7389162561576
201,Union,Georgia,65.5,-65.5,829,20,3.1,5943,3276.0801272897884
202,Upson,Georgia,81.5,-34.9,550,93,3.6,965,3066.1094224924013
203,Walker,Georgia,153.1,-61.5,1505,66,3.6,3767,2319.347486417913
204,Walton,Georgia,258.7,-56.4,1445,140,3.1,5416,1973.7189855486133
205,Ware,Georgia,39.6,-41.7,855,166,3.7,8357,4259.248894610176
206,Warren,Georgia,19.6,13.8,155,74,4.5,8352,3007.232584697373
207,Washington,Georgia,30.5,0.6,435,195,4.1,9444,3381.7610680278785
208,Wayne,Georgia,46.5,-58.8,473,66,4.0,4607,3862.732649446988
209,Webster,Georgia,13.1,-14.1,102,40,5.0,8187,1649.4054468738013
210,Wheeler,Georgia,26.4,-36.9,143,35,7.5,2691,4417.5684277530245
211,White,Georgia,113.9,-68.6,685,12,2.6,1579,2896.291967010845
212,Whitfield,Georgia,354.3,-44.7,1736,77,4.4,7074,4513.132239935772
213,Wilcox,Georgia,23.7,-41.8,207,39,4.5,5961,2883.61320208454
214,Wilkes,Georgia,21.4,-16.2,311,105,4.5,9361,2741.127135113021
215,Wilkinson,Georgia,20.9,-10.3,210,63,3.8,1036,3864.1947732856825
216,Worth,Georgia,37.2,-49.9,405,94,3.9,8708,2701.634810095323
217,Adams,Illinois,77.0,-47.4,2338,62,3.4,5174,1908.764422709559
218,Alexander,Illinois,31.0,-8.3,159,53,6.2,5249,1562.2287797257418
219,Bond,Illinois,45.9,-37.8,459,12,3.8,4800,2197.7352976987704
220,Boone,Illinois,191.5,-14.5,945,31,5.6,4507,2265.426565067981
221,Brown,Illinois,22.4,-56.0,126,1,2.4,5327,1079.355427181514
222,Bureau,Illinois,39.3,-19.9,1132,12,4.6,6099,2212.82334191492
223,Calhoun,Illinois,17.7,-38.4,155,5,4.8,6099,1392.698881620595
224,Carroll,Illinois,32.2,-27.0,495,12,4.1,1963,1698.7067458930442
225,Cass,Illinois,35.0,-31.5,306,5,4.1,2486,3408.248950358113
226,Champaign,Illinois,204.5,18.7,3782,326,3.8,3251,2404.036453986618
227,Christian,Illinois,48.1,-42.7,944,24,4.8,2936,1937.8405151064887
228,Clark,Illinois,32.2,-47.9,430,3,4.5,4092,1230.4902532219414
229,Clay,Illinois,29.1,-63.5,371,7,4.5,5427,1448.7257281553398
230,Clinton,Illinois,75.4,-49.0,976,23,3.1,6597,3452.9577764762257
231,Coles,Illinois,105.2,-26.3,1246,21,4.0,7291,3073.8231168882485
232,Cook,Illinois,3197.7,53.7,104592,28594,3.8,3347,2881.054119299069
233,Crawford,Illinois,44.0,-49.5,482,7,4.3,2313,2576.7397010767663
234,Cumberland,Illinois,31.6,-57.5,316,8,3.4,572,2052.7586847482817
235,Dekalb,Illinois,165.3,3.2,377,4,4.3,5300,1647.330238233696
236,Dewitt,Illinois,40.6,-42.3,1654,41,4.1,3274,901.64982734365
237,Douglas,Illinois,47.6,-46.3,494,10,3.6,6976,1772.41202157719
238,Dupage,Illinois,2754.0,14.8,18922,1699,2.9,3540,1972.9749350161069
239,Edgar,Illinois,29.1,-49.3,527,11,4.2,1577,699.2599498863702
240,Edwards,Illinois,30.0,-70.7,197,2,4.1,1280,1125.879593432369
241,Effingham,Illinois,71.4,-60.4,790,8,3.3,773,2699.3648553281587
242,Fayette,Illinois,30.4,-58.2,585,7,4.4,7484,2170.0412448443944
243,Ford,Illinois,28.6,-48.6,468,5,4.3,5357,856.4154000462927
244,Franklin,Illinois,92.2,-45.2,969,20,5.4,2071,1502.5085133484106
245,Fulton,Illinois,41.5,-15.1,1027,21,5.6,1258,611.5317414094351
246,Gallatin,Illinois,16.6,-47.7,94,5,4.9,3330,1615.5758077879038
247,Greene,Illinois,25.0,-52.9,332,9,4.3,7314,1835.1453465957284
248,Grundy,Illinois,116.6,-23.4,818,18,4.5,9348,1406.3540564892076
249,Hamilton,Illinois,19.2,-58.0,251,7,3.9,3028,961.0645638245442
250,Hancock,Illinois,23.1,-47.8,590,6,4.7,3553,1332.7309690535353
251,Hardin,Illinois,23.3,-57.7,109,0,6.6,1713,1046.8463752944256
252,Henderson,Illinois,17.9,-28.7,242,3,4.8,3632,1158.591634065603
253,Henry,Illinois,60.6,-21.0,1401,25,4.8,8042,1435.2012757344671
254,Iroquois,Illinois,26.2,-55.9,859,21,4.2,5247,1371.9849524231026
255,Jackson,Illinois,99.8,3.3,1315,161,3.8,1445,2283.7004405286348
256,Jasper,Illinois,19.4,-59.7,277,10,4.2,4552,2258.064516129032
257,Jefferson,Illinois,66.3,-43.1,923,29,4.6,7425,1812.4402929625305
258,Jersey,Illinois,60.3,-46.4,544,11,4.4,9117,1850.9162724475268
259,Jo Daviess,Illinois,36.2,-14.8,681,11,4.1,6832,1412.7619496114905
260,Johnson,Illinois,36.3,-58.2,290,7,6.0,3884,1489.892888781509
261,Kane,Illinois,995.6,10.5,8345,546,4.4,9834,2539.9932006393656
262,Kankakee,Illinois,165.4,-13.2,2684,257,5.0,3884,2590.522655695327
263,Kendall,Illinois,366.7,-0.1,1370,82,3.3,3345,1633.4599581362893
264,Knox,Illinois,72.9,-3.0,1519,62,5.0,4553,1531.2179319503412
265,La Salle,Illinois,98.2,-14.5,2964,29,5.3,4063,1684.9331456073028
266,Lake,Illinois,513.8,20.6,12801,1235,4.1,7336,2515.307917046523
267,Lawrence,Illinois,44.7,-53.4,387,14,5.2,3767,1722.1584385763488
268,Lee,Illinois,48.4,-20.2,961,25,4.0,4915,1269.9436884091976
269,Livingston,Illinois,36.8,-40.9,1096,10,4.1,9323,1214.6543985637345
270,Logan,Illinois,48.5,-40.0,819,17,4.3,2959,1684.2546648962189
271,Macon,Illinois,187.5,-17.9,3117,207,5.3,684,1708.105922781484
272,Macoupin,Illinois,54.4,-34.4,1259,20,4.3,3409,1551.7880002859245
273,Madison,Illinois,361.8,-15.5,6021,263,3.9,121,1992.8053778925705
274,Marion,Illinois,67.6,-44.2,1026,36,4.5,6096,1669.0863290676764
275,Marshall,Illinois,30.9,-33.7,381,6,4.8,7422,1328.8518897742956
276,Mason,Illinois,25.4,-31.7,406,4,5.3,8764,2278.621570849464
277,Massac,Illinois,62.6,-49.5,490,40,5.6,3783,1720.1988979975808
278,Mcdonough,Illinois,54.9,-11.6,857,14,4.7,2887,1014.1633152649063
279,Mchenry,Illinois,504.1,-7.6,4840,148,3.3,6268,1309.9782917883074
280,Mclean,Illinois,145.3,-1.3,3012,126,3.8,7087,929.4220156839964
281,Menard,Illinois,40.1,-37.5,304,3,3.8,4872,1090.5214824532634
282,Mercer,Illinois,28.5,-20.6,457,8,5.0,8384,978.1693334197058
283,Monroe,Illinois,83.8,-37.1,919,9,3.1,8481,2116.234084938072
284,Montgomery,Illinois,41.9,-39.8,941,19,5.2,3138,1425.3536988808335
285,Morgan,Illinois,61.6,-29.9,989,13,4.0,8976,2055.9748053954486
286,Moultrie,Illinois,43.2,-47.8,459,2,3.3,9901,1634.3700434452796
287,Ogle,Illinois,69.2,-26.4,1185,14,4.8,1794,1581.6598542740358
288,Peoria,Illinois,296.9,3.1,4245,370,5.1,6478,2071.6713454143623
289,Perry,Illinois,49.3,-44.9,516,17,5.1,9965,1730.7324536240199
290,Piatt,Illinois,37.7,-33.5,391,8,3.6,7460,960.5971610376897
291,Pike,Illinois,19.1,-58.2,479,11,4.3,7815,963.9483323693852
292,Pope,Illinois,11.7,-61.1,159,4,5.6,3053,718.218817333014
293,Pulaski,Illinois,29.4,-26.3,150,40,6.6,8400,3636.363636363636
294,Putnam,Illinois,34.2,-20.1,124,0,5.0,6319,1150.0261369576585
295,Randolph,Illinois,55.4,-46.7,953,19,3.7,3607,3067.7742118180104
296,Richland,Illinois,44.6,-54.4,564,12,4.1,8152,1676.0136659575842
297,Rock Island,Illinois,325.7,8.4,3675,192,4.9,2642,2244.8706291981193
298,Saint Clair,Illinois,398.2,-50.1,621,22,5.3,761,2658.980461018307
299,Saline,Illinois,64.3,-9.2,4511,266,4.0,2242,1664.4672427738285
300,Sangamon,Illinois,226.7,-37.8,197,1,4.2,2018,1352.5314374948632
301,Schuyler,Illinois,16.9,-54.9,134,2,4.7,5198,856.9739952718677
302,Scott,Illinois,20.8,-53.8,722,10,3.9,6509,1636.0331246212884
303,Shelby,Illinois,28.9,5.7,5575,1145,4.5,8222,2029.2132753998333
304,Stark,Illinois,20.4,-37.8,153,1,5.7,2651,1048.2965181579932
305,Stephenson,Illinois,83.3,-16.6,1596,65,4.4,7357,1305.6766596251518
306,Tazewell,Illinois,206.5,-28.3,3596,31,4.4,1508,1446.8562931041024
307,Union,Illinois,41.7,-39.7,428,5,5.7,9716,3290.698372665585
308,Vermilion,Illinois,89.6,-29.6,1908,105,5.1,4638,1290.9527706644842
309,Wabash,Illinois,51.6,-53.5,386,5,3.8,3414,1432.291666666667
310,Warren,Illinois,32.7,-16.7,419,15,4.1,3532,2101.638565661363
311,Washington,Illinois,25.8,-55.8,418,4,2.5,6937,1663.4262259667316
312,Wayne,Illinois,23.2,-71.6,466,9,4.8,471,1954.9799568300962
313,White,Illinois,29.0,-58.0,422,7,3.8,9507,1396.1734505429565
314,Whiteside,Illinois,82.8,-6.2,1642,23,4.3,7197,1574.988672405981
315,Will,Illinois,803.2,6.4,9867,1050,3.8,6108,2112.073520831916
316,Williamson,Illinois,150.3,-41.2,1450,43,4.3,6187,2198.2972205955225
317,Winnebago,Illinois,562.4,0.1,6465,438,5.7,3795,2399.034582336537
318,Woodford,Illinois,71.8,-41.7,1138,7,3.7,2247,1190.8785979874672
319,Allen,Kansas,26.1,-40.67,368,16,3.5,4423,557.8462284744119
320,Anderson,Kansas,13.6,-52.63,248,3,3.3,646,1056.2484092644438
321,Atchison,Kansas,38.6,-31.33,388,16,5.2,9332,2277.1106825110433
322,Barber,Kansas,4.3,-69.45,131,3,2.5,7634,248.47526541676083
323,Barton,Kansas,30.6,-58.91,846,16,3.1,9991,2079.2117615113075
324,Bourbon,Kansas,23.3,-50.68,430,16,4.2,1807,1334.8011559102795
325,Brown,Kansas,17.3,-50.62000000000001,270,19,3.2,7529,1516.1020493517356
326,Butler,Kansas,45.6,-45.19,1409,29,3.2,5953,1512.4568456606535
327,Chase,Kansas,3.5,-47.7,98,0,2.8,981,3134.441087613293
328,Chautauqua,Kansas,5.5,-70.16,135,10,3.9,1129,646.1538461538461
329,Cherokee,Kansas,35.8,-48.46,432,26,3.4,4475,2683.1837103164653
330,Cheyenne,Kansas,2.6,-70.51,162,2,2.4,3274,2709.823108769289
331,Clark,Kansas,2.2,-70.15,86,2,2.3,1235,2758.2748244734203
332,Clay,Kansas,12.9,-57.96000000000001,316,3,3.2,2681,662.334416395901
333,Cloud,Kansas,13.1,-54.91,338,6,3.2,4467,842.249032551787
334,Coffey,Kansas,13.0,-57.11,223,6,4.5,8371,1577.2099278640421
335,Comanche,Kansas,2.4,-70.71,60,3,2.6,6818,705.8823529411765
336,Cowley,Kansas,32.0,-37.39,967,28,3.4,7864,1114.3577403460524
337,Crawford,Kansas,66.0,-23.0,922,26,3.9,3852,2905.8684115616466
338,Decatur,Kansas,3.3,-71.07,188,5,3.0,4774,955.076052352317
339,Dickinson,Kansas,23.1,-53.83000000000001,636,6,3.6,605,1202.2094660457058
340,Doniphan,Kansas,19.8,-59.77000000000001,215,12,3.4,949,1552.6315789473686
341,Douglas,Kansas,239.6,32.96,1930,140,2.9,7120,1972.0429579826432
342,Edwards,Kansas,4.8,-62.55,68,3,2.6,6962,1858.470335954253
343,Elk,Kansas,4.2,-70.53,91,3,3.7,7360,276.6798418972332
344,Ellis,Kansas,32.1,-47.91,700,7,2.3,3840,3810.457745245683
345,Ellsworth,Kansas,8.9,-54.05,190,5,2.8,261,1016.0603080957063
346,Finney,Kansas,28.5,-31.06,561,21,2.3,6206,6211.094962568898
347,Ford,Kansas,31.5,-38.42,634,24,2.5,6052,8751.003896606086
348,Franklin,Kansas,44.8,-39.16,463,14,3.3,8033,1589.4143438772314
349,Geary,Kansas,90.1,-20.69,350,66,4.4,856,1389.3274392169244
350,Gove,Kansas,2.6,-73.78999999999998,140,2,2.1,9626,1479.514415781487
351,Graham,Kansas,2.9,-65.19,116,11,3.1,1906,1611.6035455278006
352,Grant,Kansas,13.7,-57.05,129,5,2.9,1614,3930.0699300699293
353,Gray,Kansas,7.0,-69.46,141,0,2.0,5771,2154.308617234469
354,Greeley,Kansas,1.6,-69.38000000000001,56,0,2.3,1606,1055.1948051948052
355,Greenwood,Kansas,5.6,-58.98,216,4,3.2,3083,835.8408559010362
356,Hamilton,Kansas,2.6,-66.67,29,1,1.9,1559,1851.122489168964
357,Harper,Kansas,7.4,-62.18,216,6,2.5,5570,2207.5055187637968
358,Harvey,Kansas,64.4,-24.130000000000006,1225,17,2.9,7934,1077.5799471375876
359,Haskell,Kansas,7.3,-58.72,72,3,2.3,808,3225.8064516129034
360,Hodgeman,Kansas,2.3,-71.88,77,2,2.4,4058,1393.5340022296546
361,Jackson,Kansas,20.5,-41.71000000000001,280,11,2.9,6330,1920.8867967504368
362,Jefferson,Kansas,34.0,-32.33,445,9,3.1,9246,1060.757233629155
363,Jewell,Kansas,3.3,-69.81,143,0,2.8,4271,590.4828065300452
364,Johnson,Kansas,1167.0,-2.640000000000001,11488,368,2.8,7087,1958.8280895948046
365,Kearny,Kansas,4.5,-68.47,85,0,2.3,3248,2657.634184471079
366,Kingman,Kansas,9.0,-57.91,245,5,3.2,6005,1426.1744966442955
367,Kiowa,Kansas,3.5,-72.84,94,1,2.3,4399,1090.9090909090908
368,Labette,Kansas,32.5,-37.55,544,31,4.0,4571,1289.631970639209
369,Lane,Kansas,2.3,-70.26,44,0,2.6,9240,1042.3452768729644
370,Leavenworth,Kansas,165.7,-24.520000000000003,1328,85,3.4,807,2804.6185082805355
371,Lincoln,Kansas,4.4,-65.84,153,2,2.3,4439,472.65361242403776
372,Linn,Kansas,15.8,-62.07000000000001,281,7,5.9,7153,896.629908275791
373,Logan,Kansas,2.6,-72.44,106,1,2.0,267,1252.6843235504653
374,Lyon,Kansas,39.2,-15.490000000000002,803,20,3.4,7982,3289.652056032535
375,Marion,Kansas,13.0,-49.77000000000001,542,4,3.0,1712,956.4851797351273
376,Marshall,Kansas,11.1,-47.83,376,4,2.9,1066,866.7115449343655
377,Mcpherson,Kansas,32.5,-41.77,1078,16,2.2,8017,370.86638508292987
378,Meade,Kansas,4.5,-70.06,159,4,2.3,7220,3471.3612695264073
379,Miami,Kansas,55.5,-40.02,765,22,3.3,1770,1220.9013640213805
380,Mitchell,Kansas,8.8,-62.24,262,2,2.4,1514,769.3594246529518
381,Montgomery,Kansas,53.1,-50.33,890,52,4.1,2479,1435.797543121053
382,Morris,Kansas,8.3,-46.46,229,3,2.7,9287,765.1245551601422
383,Morton,Kansas,4.3,-71.14,113,0,2.9,3785,811.7510630073442
384,Nemaha,Kansas,14.1,-66.36999999999999,473,4,2.8,9567,1329.2933242107322
385,Neosho,Kansas,28.5,-46.41000000000001,494,14,4.6,6176,1080.7771599925034
386,Ness,Kansas,2.9,-73.32,131,0,2.5,1757,3672.727272727273
387,Norton,Kansas,6.4,-69.78,219,1,2.2,7252,746.1294534601753
388,Osage,Kansas,22.5,-43.61,416,10,3.6,3864,721.0483415888144
389,Osborne,Kansas,4.3,-68.63,173,2,2.0,6101,350.77462730195845
390,Ottawa,Kansas,8.4,-64.03,136,3,2.7,6451,1034.3618513323984
391,Pawnee,Kansas,9.2,-49.78999999999999,225,9,2.9,7039,6127.221702525725
392,Phillips,Kansas,6.2,-72.55999999999997,186,2,2.6,7405,2502.865876958349
393,Pottawatomie,Kansas,25.9,-50.38,475,8,2.8,9975,1181.150801788131
394,Pratt,Kansas,13.3,-53.8,361,7,2.5,2567,840.2444347446532
395,Rawlins,Kansas,2.4,-71.81,118,0,2.2,6638,2134.387351778656
396,Reno,Kansas,50.5,-35.84,2052,29,3.2,9341,1935.546307945417
397,Republic,Kansas,6.8,-65.2,260,3,2.6,8566,1056.9456427955133
398,Rice,Kansas,13.8,-56.31,267,10,2.8,1686,901.7510747614557
399,Riley,Kansas,119.7,-3.559999999999995,1089,31,2.8,7057,2501.6165535079213
400,Rooks,Kansas,5.8,-72.58999999999997,187,1,3.5,7365,2337.39837398374
401,Rush,Kansas,4.5,-64.14,148,3,2.8,4121,2404.4795783926206
402,Russell,Kansas,7.7,-66.17,310,5,2.9,5879,1575.262543757293
403,Saline,Kansas,77.3,-34.040000000000006,1423,51,3.0,3961,1440.3216287990556
404,Scott,Kansas,6.9,-73.98,160,1,1.9,3790,2218.536180800332
405,Sedgwick,Kansas,499.2,-18.4,9656,766,3.5,6381,1797.5281081772416
406,Seward,Kansas,36.4,-30.39,291,22,3.1,671,8078.215419077842
407,Shawnee,Kansas,321.4,-2.6599999999999966,4395,262,3.3,3612,1619.2226148409893
408,Sheridan,Kansas,2.8,-77.88000000000002,115,0,2.2,553,1269.3375644585485
409,Sherman,Kansas,5.8,-66.7,165,5,2.7,5966,743.6200777420988
410,Smith,Kansas,4.2,-66.80000000000001,205,2,2.5,1899,279.09572983533354
411,Stafford,Kansas,5.5,-62.56,181,2,2.7,7835,1443.695861405197
412,Stanton,Kansas,3.2,-59.19,59,0,2.5,136,3539.3818544366886
413,Stevens,Kansas,7.9,-72.93,158,1,2.6,8817,2734.7310847766635
414,Sumner,Kansas,20.1,-50.49,630,21,3.4,6946,932.7377824487653
415,Thomas,Kansas,7.4,-68.08999999999999,234,2,2.3,5345,2070.20702070207
416,Trego,Kansas,3.3,-69.43,135,1,2.8,8520,1427.0424545130218
417,Wabaunsee,Kansas,8.8,-47.22000000000001,173,2,3.2,9744,1038.8111383638725
418,Wallace,Kansas,1.7,-84.58999999999997,74,0,2.6,1350,1251.6469038208168
419,Washington,Kansas,6.4,-65.35,251,3,2.6,8104,406.9552349241584
420,Wichita,Kansas,3.1,-65.8,73,1,2.0,9800,235.96035865974517
421,Wilson,Kansas,16.0,-61.1,237,9,4.0,5697,762.4633431085042
422,Woodson,Kansas,6.4,-56.06,130,3,4.2,3894,764.8183556405354
423,Wyandotte,Kansas,1021.0,29.4,2488,651,4.3,7084,4395.239045149278
424,Adair,Kentucky,46.1,-64.53999999999999,407,17,5.3,7392,1749.8177273200708
425,Allen,Kentucky,57.5,-63.21000000000001,336,10,4.2,4624,1862.538118695754
426,Anderson,Kentucky,106.1,-49.1,377,14,3.7,908,782.5207719699301
427,Ballard,Kentucky,30.2,-57.18,212,9,5.7,7658,735.2941176470587
428,Barren,Kentucky,85.4,-49.81,970,44,4.5,2439,1859.9290379443603
429,Bath,Kentucky,41.8,-37.52,230,6,6.2,4183,736.0
430,Bell,Kentucky,78.2,-62.19,553,31,6.4,9362,2028.2728948985864
431,Boone,Kentucky,479.7,-41.75,1783,36,3.4,7696,1253.9208420359184
432,Bourbon,Kentucky,68.5,-31.55,508,47,3.8,8614,1071.3563776025874
433,Boyd,Kentucky,303.9,-37.01000000000001,1114,21,5.7,8020,1085.234813134124
434,Boyle,Kentucky,159.6,-29.03,855,38,4.7,7528,1021.290751829674
435,Bracken,Kentucky,40.5,-56.87000000000001,134,2,4.9,6432,505.8412621943875
436,Breathitt,Kentucky,27.6,-42.76,192,7,7.5,1182,768.0126682501981
437,Breckinridge,Kentucky,34.3,-51.56,378,20,5.3,7284,708.1115397763342
438,Bullitt,Kentucky,253.4,-49.78,1135,36,4.1,1022,1169.2541260590624
439,Butler,Kentucky,29.7,-62.42999999999999,255,7,4.8,3048,2678.7794083391573
440,Caldwell,Kentucky,37.0,-54.34,381,14,5.0,3659,1341.492115791951
441,Calloway,Kentucky,92.5,-35.00999999999999,815,26,4.1,1873,1671.7520063588113
442,Campbell,Kentucky,572.5,-24.450000000000006,1766,30,3.5,904,984.1425884766627
443,Carlisle,Kentucky,25.3,-63.90000000000001,140,6,4.2,1249,1764.705882352941
444,Carroll,Kentucky,79.2,-38.44,194,7,4.0,7623,1909.5099238077319
445,Carter,Kentucky,66.6,-51.67999999999999,507,12,8.3,2906,820.9874239653693
446,Casey,Kentucky,35.9,-73.23,369,7,4.2,4358,1745.1574973698864
447,Christian,Kentucky,102.8,-31.340000000000003,1174,223,5.6,299,2039.4260654830327
448,Clark,Kentucky,139.7,-37.05,736,58,3.9,162,992.7474285083972
449,Clay,Kentucky,45.5,-75.5,251,9,7.0,8146,1723.5314808301086
450,Clinton,Kentucky,49.6,-73.11,176,8,5.5,1118,1399.4910941475823
451,Crittenden,Kentucky,24.9,-66.22,192,9,4.9,3624,1396.774926186691
452,Cumberland,Kentucky,22.0,-66.63,172,9,4.2,3541,1648.0193528878135
453,Daviess,Kentucky,204.9,-32.19,2240,77,3.9,1441,1499.3448985824198
454,Edmonson,Kentucky,39.4,-60.17999999999999,285,10,4.9,3151,1152.2633744855968
455,Elliott,Kentucky,33.1,-44.13,160,7,8.2,5446,585.3398962352003
456,Estill,Kentucky,56.9,-56.41,202,1,5.0,5701,1417.836381681554
457,Fayette,Kentucky,1066.3,9.449999999999996,5140,592,3.3,5358,2182.873694112987
458,Fleming,Kentucky,41.3,-53.90000000000001,249,6,5.4,2571,596.6668952746726
459,Floyd,Kentucky,98.8,-48.24000000000001,586,22,6.4,3218,595.6896793953188
460,Franklin,Kentucky,233.5,-4.610000000000007,1005,57,3.7,3134,1402.2082328254007
461,Fulton,Kentucky,28.4,-32.54,126,13,5.7,2355,2881.554699279611
462,Gallatin,Kentucky,81.7,-50.75,83,3,4.0,9060,1127.5228323373547
463,Garrard,Kentucky,72.2,-58.39,364,16,4.6,1203,1030.227555756821
464,Grant,Kentucky,94.6,-56.05,296,4,4.1,3965,737.9632215086361
465,Graves,Kentucky,67.3,-56.38,821,28,4.6,6785,2076.960231846724
466,Grayson,Kentucky,50.7,-59.19,431,10,5.0,780,1562.7956256858515
467,Green,Kentucky,38.7,-66.38000000000001,248,15,4.4,6782,2559.181062060141
468,Greenup,Kentucky,103.4,-45.46000000000001,862,17,6.6,9457,1310.615989515072
469,Hancock,Kentucky,43.5,-35.95,154,3,3.8,6769,1066.2692043109378
470,Hardin,Kentucky,170.7,-30.19,1730,147,4.1,2278,1271.6523369202762
471,Harlan,Kentucky,61.4,-72.12,518,26,9.6,9521,1876.2014609765479
472,Harrison,Kentucky,60.2,-43.74999999999999,383,12,4.3,1709,1006.0362173038228
473,Hart,Kentucky,44.1,-49.42,324,23,4.7,7038,982.4008405568692
474,Henderson,Kentucky,99.5,-27.66,958,64,3.8,1161,2026.1004202610047
475,Henry,Kentucky,53.0,-43.59,269,24,3.7,3405,1271.238992930671
476,Hickman,Kentucky,18.9,-55.99999999999999,176,17,4.8,4290,1872.1461187214609
477,Hopkins,Kentucky,84.2,-53.91,917,65,4.6,5512,1528.4429127691
478,Jackson,Kentucky,38.6,-80.11,182,2,6.5,5317,2873.433866006453
479,Jefferson,Kentucky,1889.7,13.329999999999998,15906,2111,4.0,5860,2179.83011566898
480,Jessamine,Kentucky,284.2,-40.0,1060,33,3.6,9443,1225.1686223782685
481,Johnson,Kentucky,88.6,-70.97,365,10,6.6,9381,734.6313322516678
482,Kenton,Kentucky,985.2,-26.04,2650,66,3.6,4644,1276.0631863854658
483,Knott,Kentucky,45.7,-53.99999999999999,256,13,6.9,2228,1573.6863433743079
484,Knox,Kentucky,82.2,-67.63000000000001,566,16,6.0,742,1724.1932894525605
485,Larue,Kentucky,53.7,-55.3,294,14,4.5,5458,1000.138908181692
486,Laurel,Kentucky,134.2,-69.07000000000001,939,15,4.9,1425,1678.9173367536548
487,Lawrence,Kentucky,37.7,-62.41,231,14,7.1,6667,404.77900372135537
488,Lee,Kentucky,36.4,-64.0,103,3,5.7,9124,243.1446710792921
489,Leslie,Kentucky,27.5,-80.47999999999998,186,5,8.2,1921,921.3323883770377
490,Letcher,Kentucky,70.7,-62.96000000000001,329,10,7.4,2321,909.3861643390712
491,Lewis,Kentucky,28.0,-67.53,242,8,8.9,5751,1740.1129943502826
492,Lincoln,Kentucky,72.9,-57.24,480,35,5.0,2190,916.5342783820114
493,Livingston,Kentucky,27.6,-57.76,216,9,5.7,8182,1022.4059169023276
494,Logan,Kentucky,48.2,-46.08,560,33,4.0,6742,2140.063463951
495,Lyon,Kentucky,32.8,-44.01000000000001,222,4,4.7,8395,974.4214372716199
496,Madison,Kentucky,192.9,-31.140000000000004,1418,71,3.9,1897,1212.2045920083158
497,Magoffin,Kentucky,42.3,-51.84,180,5,11.0,950,1183.912715454704
498,Marion,Kentucky,57.6,-30.12,435,30,3.9,5661,977.5171065493646
499,Marshall,Kentucky,91.8,-51.80000000000001,754,10,4.7,2388,2052.9751470635683
500,Martin,Kentucky,55.3,-79.44,192,1,6.9,8925,822.3007976317737
501,Mason,Kentucky,70.6,-41.2,307,25,5.8,1807,1281.5856379390855
502,Mccracken,Kentucky,244.4,-37.18,1774,108,4.9,8950,1096.4630225080386
503,Mccreary,Kentucky,41.9,-75.27,209,4,6.0,29,741.4024117909781
504,Mclean,Kentucky,37.1,-52.41,210,5,4.4,8080,767.4282366725249
505,Meade,Kentucky,90.0,-46.06,357,25,4.6,7613,853.9829203415933
506,Menifee,Kentucky,30.8,-47.14,129,3,6.9,4002,955.4630913854214
507,Mercer,Kentucky,84.1,-50.49000000000001,437,33,4.6,3921,1221.9030684356906
508,Metcalfe,Kentucky,34.4,-54.43000000000001,213,10,4.8,5906,1270.976069903684
509,Monroe,Kentucky,32.6,-73.66999999999999,165,7,3.9,5596,2046.9483568075118
510,Montgomery,Kentucky,135.7,-41.02,466,17,5.3,6629,1072.5574457506127
511,Morgan,Kentucky,35.2,-54.91,240,4,5.4,5848,518.4461642497557
512,Muhlenberg,Kentucky,65.5,-46.87000000000001,683,30,6.2,3722,2628.8289465090456
513,Nelson,Kentucky,104.4,-33.63999999999999,698,41,4.5,5602,1152.8561849760993
514,Nicholas,Kentucky,35.9,-41.17999999999999,129,5,4.4,1428,674.0954739303893
515,Ohio,Kentucky,40.2,-56.38,467,5,5.1,4751,1996.3324164374426
516,Oldham,Kentucky,314.2,-31.05,795,48,3.3,2136,1788.948936361323
517,Owen,Kentucky,30.3,-53.65000000000001,178,7,4.6,8998,935.6939730299972
518,Owsley,Kentucky,23.6,-69.25,99,3,7.0,6278,1087.202718006795
519,Pendleton,Kentucky,51.9,-57.26000000000001,249,10,3.8,4583,685.4009595613434
520,Perry,Kentucky,82.5,-56.97,393,18,6.1,3108,1354.9188601599506
521,Pike,Kentucky,81.6,-62.71,1175,17,5.8,7124,855.276798673025
522,Powell,Kentucky,69.7,-45.21000000000001,153,10,5.4,7776,881.9483777004613
523,Pulaski,Kentucky,93.8,-66.66,1145,20,4.7,1541,1272.7188784068699
524,Robertson,Kentucky,22.4,-53.01000000000001,72,4,5.4,5146,569.2599620493359
525,Rockcastle,Kentucky,53.3,-70.15,283,6,4.8,7732,1150.0449236298293
526,Rowan,Kentucky,82.0,-21.239999999999995,360,8,5.3,1196,1087.4897792313984
527,Russell,Kentucky,62.4,-70.58999999999997,422,9,5.7,4648,1506.444233666239
528,Scott,Kentucky,172.3,-30.320000000000004,614,60,3.5,3500,1459.5466984773002
529,Shelby,Kentucky,113.0,-33.620000000000005,738,39,3.4,6056,2270.316579634465
530,Simpson,Kentucky,74.2,-38.94,316,40,4.5,1769,1566.8748653887576
531,Spencer,Kentucky,90.9,-55.44,245,4,3.6,5899,1162.7306082373007
532,Taylor,Kentucky,90.5,-51.01000000000001,526,30,4.3,5429,1261.2053242267846
533,Todd,Kentucky,33.1,-53.78,210,26,3.9,1027,1618.6757768016919
534,Trigg,Kentucky,29.7,-49.53,301,19,4.7,9767,1276.3633881646304
535,Trimble,Kentucky,56.4,-49.81999999999999,136,1,4.4,1674,849.9586825640421
536,Union,Kentucky,41.8,-54.26,254,21,4.5,7067,2635.421737014116
537,Warren,Kentucky,214.0,-24.17,1965,146,3.9,3478,3378.5817481338795
538,Washington,Kentucky,39.4,-46.0,282,20,3.9,246,1223.6461347664324
539,Wayne,Kentucky,42.8,-61.81,428,11,5.8,3701,890.1785275168445
540,Webster,Kentucky,40.1,-54.39,246,15,4.0,7132,1645.8043579044968
541,Whitley,Kentucky,79.9,-67.11999999999999,564,18,5.2,6863,1340.1720714758435
542,Wolfe,Kentucky,32.7,-39.88,132,7,7.1,144,712.5890736342043
543,Woodford,Kentucky,131.0,-20.19,498,32,3.1,6164,1118.425974414603
544,Adams,Pennsylvania,194.7,-26.7,2720,60,3.3,2877,838.7616616023842
545,Allegheny,Pennsylvania,1651.0,30.2,35031,3111,4.1,9881,1030.1427989918136
546,Armstrong,Pennsylvania,103.0,-23.2,1909,28,5.1,9436,704.4102880976288
547,Beaver,Pennsylvania,383.1,9.6,5124,204,4.5,4823,1191.3694343282766
548,Bedford,Pennsylvania,48.5,-44.3,1527,16,4.7,257,528.3160708319413
549,Berks,Pennsylvania,477.1,5.1,10682,358,4.3,2519,1723.319182076341
550,Blair,Pennsylvania,240.4,-30.6,3661,27,4.5,9244,608.2295676727216
551,Bradford,Pennsylvania,53.8,-36.1,1614,26,4.4,978,303.3668749896392
552,Bucks,Pennsylvania,1007.0,3.4,16533,692,3.8,8538,1429.9584573511386
553,Butler,Pennsylvania,232.8,-24.1,4920,77,3.9,7161,586.0965755138326
554,Cambria,Pennsylvania,203.0,2.5,4389,70,5.3,5163,490.8135676539264
555,Cameron,Pennsylvania,12.4,-23.2,182,0,6.0,1770,179.89655947830002
556,Carbon,Pennsylvania,167.5,-5.2,1623,34,5.4,3901,736.9667508024057
557,Centre,Pennsylvania,140.4,3.2,3149,58,3.3,8258,1757.5514979831878
558,Chester,Pennsylvania,667.0,0.2,11311,682,3.2,9224,1332.9803100636395
559,Clarion,Pennsylvania,64.7,-28.7,989,14,4.9,6284,338.2069826733961
560,Clearfield,Pennsylvania,70.6,-21.4,2240,22,5.2,6706,427.7332660399975
561,Clinton,Pennsylvania,44.2,-14.3,962,13,5.4,999,541.002277904328
562,Columbia,Pennsylvania,136.9,-13.1,1747,27,4.8,774,1436.1800381749892
563,Crawford,Pennsylvania,84.6,-19.4,2000,43,4.7,805,379.3026031265878
564,Cumberland,Pennsylvania,435.1,-14.8,6482,163,3.4,1695,767.6520503611321
565,Dauphin,Pennsylvania,483.6,6.5,6176,764,4.0,7979,1400.2924911695693
566,Delaware,Pennsylvania,2942.1,10.3,14420,1779,4.0,1961,2050.4740210358414
567,Elk,Pennsylvania,37.9,-8.1,932,9,4.9,4876,254.0956201939151
568,Erie,Pennsylvania,179.8,14.0,6825,241,4.6,8453,594.3024083521178
569,Fayette,Pennsylvania,169.6,13.0,3758,168,5.9,381,635.8587186905332
570,Forest,Pennsylvania,17.8,-20.2,139,4,6.8,1750,206.9821995308403
571,Franklin,Pennsylvania,196.1,-34.3,4231,96,3.8,744,1165.6034110187254
572,Fulton,Pennsylvania,33.7,-44.5,318,10,4.4,2277,357.88024776324835
573,Greene,Pennsylvania,66.0,5.2,848,17,5.1,956,527.1437639720697
574,Huntingdon,Pennsylvania,51.7,-33.5,1147,22,5.9,9019,954.722665248981
575,Indiana,Pennsylvania,105.8,-13.4,2117,35,5.0,7999,896.8396512554567
576,Jefferson,Pennsylvania,68.4,-32.0,1260,17,4.7,6751,269.4300518134715
577,Juniata,Pennsylvania,63.0,-40.3,670,12,4.4,4342,787.4651698097969
578,Lackawanna,Pennsylvania,460.4,28.6,6372,112,4.9,2872,1266.728349723857
579,Lancaster,Pennsylvania,535.5,-17.8,15344,370,3.4,6270,1484.6332578372947
580,Lawrence,Pennsylvania,247.7,-0.3,2846,69,5.1,8418,640.8457292543736
581,Lebanon,Pennsylvania,372.9,-24.0,4080,90,3.9,1087,1489.4952501181301
582,Lehigh,Pennsylvania,1018.1,14.8,8977,333,4.5,2139,1551.779225491311
583,Luzerne,Pennsylvania,353.5,11.7,9435,110,5.7,3469,1309.6336995182992
584,Lycoming,Pennsylvania,93.8,-27.3,3188,57,4.8,3820,639.0171140080672
585,Mckean,Pennsylvania,43.7,-32.5,1109,18,5.3,6529,147.69230769230768
586,Mercer,Pennsylvania,169.6,-5.3,3637,131,4.9,8788,691.8043573621874
587,Mifflin,Pennsylvania,112.6,-37.1,1399,17,4.7,7648,502.8393081624691
588,Monroe,Pennsylvania,272.7,13.0,2970,281,5.4,3318,1066.5351116749182
589,Montgomery,Pennsylvania,1661.3,14.8,23221,2115,3.5,155,1491.9696960579602
590,Montour,Pennsylvania,139.6,-13.5,662,10,3.6,1314,1097.0927043335162
591,Northampton,Pennsylvania,792.9,10.6,9110,273,4.5,8217,1491.7208510080745
592,Northumberland,Pennsylvania,197.5,-16.7,2813,30,5.6,7243,1208.6787094217498
593,Perry,Pennsylvania,82.4,-41.4,864,17,3.7,2366,516.5110650069156
594,Philadelphia,Pennsylvania,10839.8,65.8,30041,13421,5.5,6149,2057.3663690355943
595,Pike,Pennsylvania,100.3,-10.7,1270,73,5.6,2657,1055.385332114892
596,Potter,Pennsylvania,16.1,-45.5,530,5,5.9,4883,181.53213118722016
597,Schuylkill,Pennsylvania,188.0,-17.7,4030,24,5.4,8809,865.8804886848378
598,Snyder,Pennsylvania,120.4,-40.0,1060,8,5.4,6991,906.5689091449519
599,Somerset,Pennsylvania,71.2,-29.9,2420,28,5.3,504,314.51250561629485
600,Sullivan,Pennsylvania,14.1,-25.2,219,6,5.2,8998,214.30926475436863
601,Susquehanna,Pennsylvania,51.3,-31.0,1099,18,4.3,2573,743.9000198373337
602,Tioga,Pennsylvania,37.3,-39.5,1085,18,5.3,8799,204.47882535537443
603,Union,Pennsylvania,141.5,-22.9,1311,14,4.0,5679,1090.7552923891992
604,Venango,Pennsylvania,79.5,-25.6,1527,17,4.9,5761,187.49506591931788
605,Warren,Pennsylvania,45.9,-20.0,1203,4,4.5,554,112.2706743895282
606,Washington,Pennsylvania,241.8,3.0,5650,179,4.5,3119,678.2200952311895
607,Wayne,Pennsylvania,69.2,-27.0,1311,23,4.7,3602,492.5916551469014
608,Westmoreland,Pennsylvania,350.0,-2.8,11072,199,4.5,8398,674.4072066701252
609,Wyoming,Pennsylvania,69.7,-28.0,594,4,4.9,7599,294.84212883481376
610,York,Pennsylvania,481.0,-17.4,10027,291,3.8,5238,1115.2234232549026
611,Anderson,Texas,53.9,57.9,852,152,2.9,5969,4886.117606304668
612,Andrews,Texas,10.7,62.5,208,11,2.2,4946,2443.197006148089
613,Angelina,Texas,101.1,47.2,1737,210,4.0,6653,2524.3614138269045
614,Aransas,Texas,45.2,50.2,681,29,4.3,6912,1424.9255635899615
615,Archer,Texas,9.6,79.2,173,2,2.8,1190,1028.8787559920495
616,Armstrong,Texas,2.1,83.6,44,1,2.7,7210,688.924218335983
617,Atascosa,Texas,37.9,29.0,827,25,3.6,594,2279.4362012003203
618,Austin,Texas,43.8,59.6,635,68,3.4,9942,1671.550346297283
619,Bailey,Texas,8.6,52.8,130,10,3.7,5051,3257.142857142857
620,Bandera,Texas,25.9,63.0,572,13,3.3,3008,692.2810661128418
621,Bastrop,Texas,84.5,20.2,1197,135,3.0,1883,2102.047946981053
622,Baylor,Texas,4.0,71.8,147,8,2.3,1180,569.9629524080933
623,Bee,Texas,36.9,15.3,450,17,4.4,1806,5644.096422539536
624,Bell,Texas,295.6,15.0,4501,635,3.8,4292,1549.3601966251886
625,Bexar,Texas,1424.3,-13.4,28536,2721,3.1,4210,2928.6957077273682
626,Blanco,Texas,14.9,52.2,264,6,2.4,4832,1215.3214315648308
627,Borden,Texas,0.7,81.9,28,1,2.5,6101,152.90519877675845
628,Bosque,Texas,18.0,64.6,562,18,3.4,8460,1878.5121755418784
629,Bowie,Texas,100.8,46.5,2027,358,4.4,7339,1543.246286664164
630,Brazoria,Texas,202.3,24.4,4519,686,4.2,4225,3092.7366778530663
631,Brazos,Texas,340.9,23.2,2511,261,2.7,113,2889.041101866839
632,Brewster,Texas,1.5,4.8,246,7,2.9,5670,2390.5248288601542
633,Briscoe,Texas,1.8,72.6,53,3,3.5,4409,970.2457956015525
634,Brooks,Texas,7.6,-51.0,153,5,5.1,116,4581.982236007329
635,Brown,Texas,39.6,74.1,954,35,3.7,7097,1563.4903866469476
636,Burleson,Texas,25.5,55.0,521,65,3.1,3626,1919.4274250393107
637,Burnet,Texas,43.0,56.4,1142,34,2.7,6696,1601.079846329561
638,Caldwell,Texas,71.0,15.7,734,69,3.3,2588,3730.762183950165
639,Calhoun,Texas,20.9,36.2,470,32,3.2,2085,3903.240958196336
640,Callahan,Texas,15.0,77.0,347,15,3.1,330,702.8616510076741
641,Cameron,Texas,325.2,-32.5,7352,158,5.5,8106,5422.49676838476
642,Camp,Texas,61.3,42.7,229,40,4.2,3714,2772.262104780816
643,Carson,Texas,6.6,80.0,130,5,2.6,4799,523.1184610192372
644,Cass,Texas,31.6,59.4,824,138,4.3,4154,1288.882968094318
645,Castro,Texas,8.9,44.5,165,8,2.8,5689,3492.6958831341303
646,Chambers,Texas,42.0,61.9,461,59,4.5,9513,3141.182106439765
647,Cherokee,Texas,48.0,56.3,1079,133,3.8,3483,2984.082361432967
648,Childress,Texas,9.9,74.3,151,8,2.7,2291,1026.5535176567205
649,Clay,Texas,9.4,76.6,291,9,3.1,8356,773.5650845191483
650,Cochran,Texas,3.9,54.3,49,7,3.4,2873,2067.998597967053
651,Coke,Texas,3.5,79.1,105,3,3.2,4804,1564.8066135222912
652,Coleman,Texas,6.8,76.6,224,10,4.1,9484,978.5932721712538
653,Collin,Texas,944.5,16.7,10850,1444,3.1,6936,1504.547079914567
654,Collingsworth,Texas,3.3,72.5,71,5,3.2,9536,650.6849315068494
655,Colorado,Texas,21.3,51.0,682,36,3.1,8258,2279.812031824315
656,Comal,Texas,201.4,49.7,2746,83,3.0,6523,1764.9431210749701
657,Comanche,Texas,14.5,67.7,383,12,3.2,2251,2273.560689402273
658,Concho,Texas,4.1,69.0,81,0,3.2,987,4988.994864269993
659,Cooke,Texas,42.9,67.9,857,57,2.8,2047,1117.3861405337275
660,Coryell,Texas,72.2,39.2,720,100,3.9,8099,2421.297942094245
661,Cottle,Texas,1.8,67.6,39,5,4.2,8304,2145.922746781116
662,Crane,Texas,5.9,54.2,89,8,4.0,1987,1500.93808630394
663,Crockett,Texas,1.4,43.6,62,2,2.9,9117,4734.411085450347
664,Crosby,Texas,6.7,41.3,141,11,3.9,7911,1551.333449538086
665,Culberson,Texas,0.6,-22.7,74,2,4.0,2164,2533.394748963611
666,Dallam,Texas,4.6,67.3,95,13,1.9,587,3581.7208727871557
667,Dallas,Texas,2695.3,-26.1,32370,7112,3.5,9838,3156.0423082235134
668,Dawson,Texas,15.1,50.5,247,13,3.9,3726,3951.917033312382
669,De Witt,Texas,22.4,40.9,565,37,2.6,9208,4885.15043675186
670,Deaf Smith,Texas,12.9,63.0,338,19,2.8,4230,543.987994747702
671,Delta,Texas,18.8,20.0,92,9,3.4,4410,1400.46234982366
672,Denton,Texas,743.6,63.6,7932,781,3.0,8384,4940.476190476191
673,Dickens,Texas,2.6,69.0,54,10,4.4,9627,2261.420171867933
674,Dimmit,Texas,7.9,-37.2,253,13,2.5,7177,2548.3998419597
675,Donley,Texas,3.9,70.6,83,9,3.5,945,2013.4228187919464
676,Duval,Texas,6.5,-35.2,262,2,4.5,5156,4060.2312449583214
677,Eastland,Texas,19.7,75.2,507,14,3.3,4773,1040.3050108932464
678,Ector,Texas,160.7,40.4,1727,151,2.6,431,1920.3118701984681
679,Edwards,Texas,1.0,41.3,62,0,2.3,7812,3467.9089026915112
680,El Paso,Texas,811.7,-43.1,13353,715,3.8,3948,3046.692356637808
681,Ellis,Texas,162.3,45.0,2290,185,3.1,6792,2424.983497992707
682,Erath,Texas,36.1,65.1,795,22,3.2,7087,2089.090823926179
683,Falls,Texas,22.6,33.5,396,84,3.3,7428,1769.0929062843265
684,Fannin,Texas,37.6,61.6,717,37,2.7,3111,1973.8694599312946
685,Fayette,Texas,25.8,59.0,914,60,2.6,5776,1952.9708829795627
686,Fisher,Texas,4.3,49.8,138,12,2.9,5261,1775.4569190600519
687,Floyd,Texas,6.3,53.0,153,9,4.3,9891,1960.7843137254904
688,Foard,Texas,1.6,52.6,46,1,3.1,7648,1558.4415584415585
689,Fort Bend,Texas,714.9,-6.6,7936,2383,3.5,2310,2045.4903854683082
690,Franklin,Texas,36.0,66.7,271,16,3.6,8222,1268.065268065268
691,Freestone,Texas,22.0,59.3,476,85,4.8,9317,2130.1415022569354
692,Frio,Texas,15.7,-13.4,271,9,2.6,1038,4845.858366985128
693,Gaines,Texas,12.3,71.6,228,13,2.4,6321,1763.4468639493766
694,Galveston,Texas,345.9,24.5,5289,883,4.0,1959,3445.3833091229003
695,Garza,Texas,7.1,67.0,87,4,2.7,6490,1685.6638304703806
696,Gillespie,Texas,23.7,61.7,1135,18,2.4,1433,1189.4175188972874
697,Glasscock,Texas,1.3,85.9,20,0,2.1,3330,638.7508871540099
698,Goliad,Texas,8.6,44.4,243,15,3.4,5008,2037.0854008879605
699,Gonzales,Texas,18.7,47.6,399,43,2.7,9829,5101.5021356241305
700,Gray,Texas,24.5,78.3,463,17,3.6,9121,1516.9514758292976
701,Grayson,Texas,124.6,52.8,2713,127,3.1,1403,1441.8700261357294
702,Gregg,Texas,445.1,40.9,2636,341,3.7,610,1848.4005002218728
703,Grimes,Texas,33.4,51.1,538,84,3.9,9498,3781.163434903047
704,Guadalupe,Texas,195.4,31.5,2514,212,2.9,3864,2183.437520602708
705,Hale,Texas,35.8,48.2,590,40,4.5,2782,5807.3399988026085
706,Hall,Texas,3.6,66.8,93,11,4.1,2597,1180.8367071524967
707,Hamilton,Texas,10.0,71.3,341,4,3.0,9210,1820.1158255525354
708,Hansford,Texas,6.0,80.1,131,5,2.3,7240,2685.682533802556
709,Hardeman,Texas,5.8,63.3,121,11,3.0,2469,635.6470887363338
710,Hardin,Texas,61.5,73.9,1057,59,4.6,909,2357.557029269817
711,Harris,Texas,2402.1,-12.3,52598,12660,3.8,241,3125.139895933339
712,Harrison,Texas,73.1,43.7,1280,304,4.0,131,1385.3620422820914
713,Hartley,Texas,4.2,79.8,131,3,1.6,2451,2528.694404591105
714,Haskell,Texas,6.5,61.5,185,10,3.3,880,1254.8603746907033
715,Hays,Texas,250.6,0.8,2178,125,2.8,8180,2585.2444274537233
716,Hemphill,Texas,4.4,75.6,83,4,2.7,6849,2173.3438072793924
717,Henderson,Texas,83.1,59.8,1907,111,3.5,3337,1215.9009874663088
718,Hidalgo,Texas,509.5,-40.4,12325,213,6.2,8785,3730.371690339781
719,Hill,Texas,35.5,58.3,908,50,3.3,8670,1937.2970613113596
720,Hockley,Texas,25.5,62.2,407,24,3.0,6764,1620.2597628252465
721,Hood,Texas,119.8,66.2,1692,38,3.4,917,1625.4887010690588
722,Hopkins,Texas,44.8,60.6,779,54,3.1,2079,1038.1835832164816
723,Houston,Texas,18.7,50.6,658,120,3.1,9533,1671.8913270637408
724,Howard,Texas,39.5,55.8,636,32,3.1,423,2501.0909884355224
725,Hudspeth,Texas,0.7,20.5,93,2,4.4,2671,1268.931641424478
726,Hunt,Texas,98.9,55.5,1645,130,3.5,3360,1729.314157048096
727,Hutchinson,Texas,24.5,75.9,453,31,4.4,4351,1112.8092463463558
728,Irion,Texas,1.5,74.4,38,1,2.4,6775,781.25
729,Jack,Texas,9.7,79.4,148,4,3.1,8780,1566.8718522663685
730,Jackson,Texas,16.7,63.4,374,26,3.0,4088,4159.891598915989
731,Jasper,Texas,36.9,59.8,731,86,6.1,7551,1359.4528413408764
732,Jeff Davis,Texas,1.0,22.9,86,2,2.9,1343,615.6552330694811
733,Jefferson,Texas,226.9,0.5,4971,1297,5.8,8121,3015.1253155248146
734,Jim Hogg,Texas,4.6,-56.9,66,2,4.8,6176,2134.6153846153848
735,Jim Wells,Texas,47.6,-10.3,729,36,4.7,1919,3762.1659008942243
736,Johnson,Texas,209.5,58.0,2261,100,3.2,2635,1802.4423121768652
737,Jones,Texas,21.4,65.2,421,24,4.3,3903,2828.262709754519
738,Karnes,Texas,19.8,43.4,313,5,2.5,8743,6050.89417345042
739,Kaufman,Texas,132.6,46.8,1438,124,3.3,7434,2351.748755086153
740,Kendall,Texas,54.4,59.9,1111,24,2.7,937,723.1557420252577
741,Kenedy,Texas,0.3,-8.1,11,1,3.6,2153,1732.6732673267327
742,Kent,Texas,1.0,69.4,34,1,2.3,7625,1181.1023622047244
743,Kerr,Texas,45.1,56.0,1885,54,3.0,3704,1152.0912547528515
744,Kimble,Texas,3.6,76.4,129,4,3.1,2503,391.97602029052337
745,King,Texas,0.3,90.6,8,0,2.1,7925,0.0
746,Kinney,Texas,2.6,33.4,120,9,3.6,3192,1281.7016634851375
747,Kleberg,Texas,29.5,-3.7,484,22,4.4,2605,3318.122555410691
748,Knox,Texas,4.4,60.8,93,6,3.3,9726,2811.1353711790393
749,La Salle,Texas,4.7,-12.5,115,4,2.4,72,4640.95744680851
750,Lamar,Texas,53.3,59.0,1211,137,3.4,5767,2509.0755931727467
751,Lamb,Texas,13.6,58.6,339,21,3.8,2700,2683.6267742185682
752,Lampasas,Texas,28.0,59.7,462,24,3.3,5151,1227.366063095016
753,Lavaca,Texas,20.0,71.3,735,36,3.0,1128,5011.412126624988
754,Lee,Texas,26.2,55.5,336,48,2.6,5834,1334.1841174082026
755,Leon,Texas,15.5,73.7,446,59,4.4,7065,1476.6720294185245
756,Liberty,Texas,65.2,57.8,1035,134,5.0,2577,2539.1355603668144
757,Limestone,Texas,25.2,51.9,525,75,3.9,3226,2513.1202798993045
758,Lipscomb,Texas,3.7,76.9,97,3,2.6,7332,1113.5168574079803
759,Live Oak,Texas,10.9,63.3,316,15,3.1,8814,3063.815843368559
760,Llano,Texas,20.0,62.0,1035,20,3.4,4019,633.1727460426703
761,Loving,Texas,0.1,83.1,0,0,0.7,8637,0.0
762,Lubbock,Texas,318.4,38.0,4766,336,2.8,377,4050.629650737839
763,Lynn,Texas,6.5,56.9,111,8,3.0,3436,1848.4288354898333
764,Madison,Texas,29.1,57.6,274,40,4.3,5445,2104.208416833668
765,Marion,Texas,24.6,42.9,267,70,4.3,8011,3267.4390058568406
766,Martin,Texas,5.6,67.5,76,3,2.6,6484,3230.1480484522212
767,Mason,Texas,4.4,63.3,142,4,3.2,9560,5096.611593391207
768,Matagorda,Texas,22.7,39.9,711,133,5.7,8830,1542.520803734524
769,Maverick,Texas,43.2,-55.8,753,21,7.5,5594,1351.5855137757756
770,Mcculloch,Texas,7.7,66.7,240,18,5.2,2719,1848.3855872718768
771,Mclennan,Texas,226.1,26.8,5054,600,3.3,8858,2881.8601097071746
772,Mcmullen,Texas,0.6,83.0,27,3,1.6,4633,6321.310582064643
773,Medina,Texas,35.2,43.2,985,28,3.1,9304,2376.705955334988
774,Menard,Texas,2.4,61.1,107,3,3.5,5881,1356.4078578110384
775,Midland,Texas,162.3,54.8,2718,174,2.1,189,2229.8000361925447
776,Milam,Texas,23.9,49.8,691,75,5.0,6720,2058.5747089392903
777,Mills,Texas,6.5,76.1,203,3,3.3,7068,1251.795608454751
778,Mitchell,Texas,10.1,64.9,141,14,3.5,8529,1146.8695143358686
779,Montague,Texas,20.9,77.2,517,8,2.8,542,958.7243919668988
780,Montgomery,Texas,452.3,51.1,7592,492,3.4,7598,1816.2929644989802
781,Moore,Texas,24.4,54.5,288,21,2.3,3785,5659.0257879656165
782,Morris,Texas,49.5,40.6,320,86,5.3,1418,1541.814659347756
783,Motley,Texas,1.2,85.5,47,2,3.5,1009,833.3333333333335
784,Nacogdoches,Texas,66.6,35.0,1151,169,3.7,5357,2519.784062327465
785,Navarro,Texas,44.3,48.6,999,162,3.2,6259,2628.0605830822337
786,Newton,Texas,15.2,56.6,314,69,6.3,3367,1338.7274733357856
787,Nolan,Texas,16.5,51.9,350,21,2.9,2522,1855.3758325404376
788,Nueces,Texas,298.7,1.5,6475,402,4.1,3034,4418.234914185718
789,Ochiltree,Texas,11.5,78.4,117,7,2.7,9845,1464.0097600650672
790,Oldham,Texas,1.4,81.4,28,1,2.8,6590,899.6212121212121
791,Orange,Texas,218.0,61.8,1531,163,5.2,6556,2404.1920475802194
792,Palo Pinto,Texas,28.4,64.0,612,35,3.1,6067,2035.013189900305
793,Panola,Texas,29.1,63.5,448,73,4.0,1192,1707.3381046822449
794,Parker,Texas,131.6,67.1,2171,63,2.9,3718,1427.7915424348043
795,Parmer,Texas,11.4,58.0,172,8,2.2,539,4612.1811556481
796,Pecos,Texas,3.3,21.8,226,17,3.3,7008,2477.406307274221
797,Polk,Texas,41.2,55.4,535,60,4.7,6017,1699.9980526940976
798,Potter,Texas,132.4,41.8,1997,190,2.7,1912,5218.242984286505
799,Presidio,Texas,1.9,-36.5,284,7,6.5,7738,1446.8973747016705
800,Rains,Texas,42.5,71.0,253,14,3.0,7572,575.3556017260668
801,Randall,Texas,135.4,64.6,2272,73,2.4,9600,2318.5901113184673
802,Reagan,Texas,3.0,60.0,44,4,2.5,5273,2312.288906209405
803,Real,Texas,4.8,66.6,90,2,4.0,9506,3418.308227114717
804,Red River,Texas,12.0,53.8,393,60,4.6,2233,1389.004408217583
805,Reeves,Texas,5.3,-7.6,247,21,1.7,5341,1326.9904857285926
806,Refugio,Texas,8.9,27.0,186,16,3.7,4821,4461.715601611974
807,Roberts,Texas,1.0,91.0,14,1,3.1,7470,1405.1522248243564
808,Robertson,Texas,19.1,35.0,421,77,3.6,4917,1909.3358322595761
809,Rockwall,Texas,559.7,47.0,1385,82,3.1,2858,1601.2962874708096
810,Runnels,Texas,9.9,74.0,284,15,2.8,2205,2718.2385035074053
811,Rusk,Texas,57.7,56.5,1103,186,3.6,9788,1773.7014299893397
812,Sabine,Texas,18.3,72.8,368,31,6.6,641,777.8410168848416
813,San Augustine,Texas,14.8,48.0,331,77,4.8,8826,2513.050868034479
814,San Jacinto,Texas,42.7,58.2,632,87,4.6,7028,786.5830416854359
815,San Patricio,Texas,92.5,23.8,1028,39,5.4,3559,2249.363105050202
816,San Saba,Texas,5.2,73.5,212,5,2.9,3827,1139.5540875309662
817,Schleicher,Texas,2.5,57.9,40,1,2.9,7317,1897.6011457214465
818,Scurry,Texas,18.9,69.5,370,23,3.2,3059,4544.093875351733
819,Shackelford,Texas,3.7,84.8,82,5,2.2,7126,857.5803981623277
820,Shelby,Texas,30.8,59.7,503,89,3.9,1961,1918.9681095196647
821,Sherman,Texas,3.3,76.0,65,1,2.3,7052,2183.9841164791533
822,Smith,Texas,226.1,43.2,4836,724,3.3,6848,1665.2989675661972
823,Somervell,Texas,44.7,68.4,222,8,3.6,3929,1621.384750219106
824,Starr,Texas,50.5,-60.2,816,14,9.8,490,5339.377717265174
825,Stephens,Texas,10.3,77.6,256,7,3.1,3115,1473.414477898783
826,Sterling,Texas,1.5,75.7,35,6,3.1,9064,387.2966692486445
827,Stonewall,Texas,1.5,59.9,69,1,2.9,6915,1185.1851851851852
828,Sutton,Texas,2.7,53.8,94,1,3.7,4774,2224.5762711864404
829,Swisher,Texas,8.6,54.9,194,11,3.7,3084,1446.5323779910775
830,Tarrant,Texas,2085.2,8.6,26065,3529,3.3,6059,2273.1347933308443
831,Taylor,Texas,145.3,50.6,2783,163,2.9,8040,1113.4937768955476
832,Terrell,Texas,0.3,33.8,42,3,3.4,1413,386.59793814432993
833,Terry,Texas,14.2,50.9,227,8,3.7,1268,2318.2297154899898
834,Throckmorton,Texas,1.7,78.1,67,2,3.8,2701,532.9780146568954
835,Titus,Texas,76.4,41.6,540,58,4.2,5604,4519.083969465649
836,Tom Green,Texas,73.7,47.6,2373,153,3.0,1393,1946.308724832215
837,Travis,Texas,1068.2,-38.6,13228,1615,2.6,6255,2335.249153423122
838,Trinity,Texas,20.2,59.9,368,56,4.8,486,1351.4435874684325
839,Tyler,Texas,23.0,67.1,567,43,5.8,4041,1061.2772240679217
840,Upshur,Texas,67.2,67.6,827,103,3.7,8554,962.8050678993126
841,Upton,Texas,2.7,53.5,79,10,2.9,3867,683.6204539239815
842,Uvalde,Texas,17.2,10.8,656,29,3.8,9725,2999.13989753562
843,Val Verde,Texas,15.2,-7.9,947,29,3.4,4276,4552.779194288628
844,Van Zandt,Texas,61.2,71.6,1225,53,3.3,1152,1051.4225128114508
845,Victoria,Texas,100.1,39.9,1969,152,3.4,1646,4452.456452803962
846,Walker,Texas,85.9,34.3,1060,144,3.9,3681,5151.361499773883
847,Waller,Texas,86.6,28.5,656,161,3.7,9807,1585.6351591065418
848,Ward,Texas,13.2,51.2,240,14,2.3,3621,1141.8569761626939
849,Washington,Texas,54.7,51.0,1264,130,3.3,4332,1800.3455771696115
850,Webb,Texas,76.9,-51.6,3110,58,3.7,4919,5093.041076876365
851,Wharton,Texas,37.7,40.1,930,106,3.4,8040,3335.258446433729
852,Wheeler,Texas,6.1,82.1,106,5,3.0,8018,988.9240506329114
853,Wichita,Texas,208.2,49.5,2819,231,3.2,7477,1459.5780080163352
854,Wilbarger,Texas,13.6,57.4,322,31,3.6,4735,1660.2709687524473
855,Willacy,Texas,28.1,-36.8,402,6,8.2,3171,5646.5961232325135
856,Williamson,Texas,403.0,9.7,6972,495,2.8,7817,1474.2164520930453
857,Wilson,Texas,55.2,47.4,922,43,2.8,1207,1787.7423144703346
858,Winkler,Texas,8.8,52.4,96,8,2.8,6781,1498.1273408239701
859,Wise,Texas,65.5,69.7,928,42,3.2,6387,1120.2560585276635
860,Wood,Texas,61.0,69.8,1274,77,3.9,8384,1185.7967895649879
861,Yoakum,Texas,10.1,59.5,116,7,2.9,1560,2961.092620222656
862,Young,Texas,19.7,74.3,508,15,3.0,9301,1921.1549139367014
863,Zapata,Texas,13.5,-32.9,208,5,5.1,3160,2362.648987939911
864,Zavala,Texas,9.2,-57.2,200,3,8.5,76,3184.1216216216217
865,Accomack,Virginia,25.3,-11.6,909,188,3.5,2879,3666.9142220571853
866,Albemarle,Virginia,140.3,24.8,2872,189,2.5,392,1251.2576602945212
867,Alexandria City,Virginia,9466.6,59.0,2354,589,2.1,9425,2453.772235742781
868,Alleghany,Virginia,36.0,-37.0,440,29,3.4,6538,538.3580080753701
869,Amelia,Virginia,35.6,-36.6,305,91,3.2,7280,950.9319132750093
870,Amherst,Virginia,67.3,-30.3,802,140,3.2,580,1351.0520487264673
871,Appomattox,Virginia,45.2,-46.1,350,67,3.5,1131,1407.8310602727677
872,Arlington,Virginia,8445.9,59.2,3216,663,1.9,20950,1707.889647950955
873,Augusta,Virginia,75.9,-49.5,1908,71,2.4,556,694.8304613674263
874,Bath,Virginia,8.7,-41.9,136,9,2.5,564,361.7072582589824
875,Bedford,Virginia,98.3,-49.1,1705,168,2.9,1186,1067.129131486006
876,Bland,Virginia,18.8,-67.5,147,12,2.8,7681,1019.1082802547772
877,Botetourt,Virginia,60.6,-47.4,762,34,2.5,1874,942.5775756306293
878,Bristol,Virginia,1337.7,-43.5,463,25,3.8,6903,1157.379787614843
879,Brunswick,Virginia,29.8,18.7,388,193,4.7,1803,2273.427392027601
880,Buchanan,Virginia,47.0,-60.3,423,9,5.6,2144,833.1746334031614
881,Buckingham,Virginia,29.3,-11.3,371,130,4.2,5889,4058.782365290413
882,Buena Vista City,Virginia,984.2,-30.6,146,12,2.7,3390,1389.3176906452607
883,Campbell,Virginia,108.1,-46.8,1334,179,3.1,1525,883.6658467705204
884,Caroline,Virginia,54.1,-4.8,540,203,3.2,7335,1204.2310821806345
885,Carroll,Virginia,62.6,-59.3,867,18,3.6,1517,1715.2831392031146
886,Charles City,Virginia,35.0,24.8,192,119,3.4,6872,1206.376561826799
887,Charlotte,Virginia,26.0,-22.8,332,102,3.5,1382,1178.4511784511785
888,Charlottesville City,Virginia,4338.2,66.5,600,133,2.4,6997,2885.7952862522748
889,Chesapeake City,Virginia,650.3,-1.3,3443,1145,2.9,8846,1802.0299385300304
890,Chesterfield,Virginia,742.3,-2.2,4960,707,2.7,734,1748.8562990005726
891,Clarke,Virginia,80.0,-19.6,344,44,2.5,4021,663.5200766126275
892,Colonial Heights City,Virginia,2245.5,-39.2,511,31,3.2,6800,1537.1329879101902
893,Covington City,Virginia,1032.3,-18.3,104,20,4.2,504,595.8829902491874
894,Craig,Virginia,15.7,-57.2,148,0,3.2,858,604.1707269538101
895,Culpeper,Virginia,125.2,-25.2,781,137,2.6,2111,2324.874061401008
896,Cumberland,Virginia,33.1,-13.5,241,104,3.0,6300,1077.3258155457108
897,Danville City,Virginia,971.7,19.8,1265,332,5.0,6015,2377.3848766357005
898,Dickenson,Virginia,46.8,-55.8,327,8,4.9,5047,712.3899986031569
899,Dinwiddie,Virginia,55.2,-12.4,509,202,3.3,7257,1460.9024663677128
900,Emporia,Virginia,806.0,31.3,211,89,5.0,6908,4882.154882154882
901,Essex,Virginia,39.0,-2.1,277,80,3.5,785,1670.7751301013418
902,Fairfax,Virginia,2749.7,35.8,18500,3840,2.3,22035,1854.5888044952123
903,Fairfax City,Virginia,3745.6,30.5,484,54,2.1,5532,578.7085224197509
904,Falls Church City,Virginia,6541.0,58.0,226,36,2.0,37551,492.5771362112609
905,Fauquier,Virginia,102.5,-24.4,1201,163,2.4,3462,1353.5143635393558
906,Floyd,Virginia,40.5,-37.2,379,18,2.6,8315,1352.4668232903678
907,Fluvanna,Virginia,89.4,-9.3,546,70,2.3,3463,1408.140814081408
908,Franklin,Virginia,79.2,-41.9,1300,118,2.9,3522,753.0066735662538
909,Franklin City,Virginia,1022.2,27.0,195,72,4.0,7327,5447.470817120622
910,Frederick,Virginia,193.4,-35.0,1777,39,2.4,7684,1056.9569939426513
911,Fredericksburg City,Virginia,2533.8,26.3,397,63,3.4,8448,1901.0883041741288
912,Galax City,Virginia,843.2,-38.8,229,11,3.3,6571,6633.054986607845
913,Giles,Virginia,47.2,-48.2,438,13,3.3,591,562.2009569377991
914,Gloucester,Virginia,128.3,-39.2,760,107,2.6,938,698.8326014779907
915,Goochland,Virginia,74.6,-24.9,542,117,2.8,9331,1187.2184566160065
916,Grayson,Virginia,34.2,-57.4,479,14,2.9,7550,2090.032154340836
917,Greene,Virginia,119.6,-31.4,318,16,2.3,7498,1170.5938745648116
918,Greensville,Virginia,40.1,18.8,139,69,3.4,3533,7092.4488355681015
919,Halifax,Virginia,43.0,-16.5,1018,357,3.9,3096,1099.9380731915896
920,Hampton City,Virginia,1004.4,37.5,2394,1139,3.8,4763,1399.8959185190693
921,Hanover,Virginia,212.5,-32.3,2226,230,2.4,1028,1260.1377057699087
922,Harrisonburg City,Virginia,2908.1,22.2,793,39,3.2,2640,5083.371057793874
923,Henrico,Virginia,1285.7,20.8,6873,1498,2.8,8581,1684.3098017641119
924,Henry,Virginia,137.8,-29.1,1591,326,3.3,6471,2183.6738730541765
925,Highland,Virginia,5.4,-42.2,72,0,2.7,5089,365.296803652968
926,Hopewell City,Virginia,2071.3,9.3,409,109,4.3,2568,1855.3863908739847
927,Isle Of Wight,Virginia,97.9,-20.5,817,216,2.8,2993,2080.3578646689484
928,James City,Virginia,389.6,-5.2,2320,233,2.7,6541,1131.6858983573566
929,King And Queen,Virginia,21.7,-27.7,352,93,2.6,6619,875.6893724847223
930,King George,Virginia,130.9,-35.1,252,70,2.7,8724,962.2113365990203
931,King William,Virginia,56.2,-17.1,200,80,2.8,1124,1110.320284697509
932,Lancaster,Virginia,48.5,-9.8,554,83,4.3,2814,1518.4381778741863
933,Lee,Virginia,58.0,-62.9,496,11,4.1,4796,1285.0616914998081
934,Lexington City,Virginia,2819.3,30.3,177,28,4.7,8726,1665.32366371206
935,Loudoun,Virginia,650.3,16.8,4560,741,2.3,40382,1689.0829863277381
936,Louisa,Virginia,66.0,-24.5,675,143,2.7,3714,819.3450559974461
937,Lunenburg,Virginia,29.3,-17.5,297,109,3.2,1421,1008.527386028206
938,Lynchburg City,Virginia,1563.6,-8.9,1905,320,3.7,3200,1883.9450881121606
939,Madison,Virginia,41.0,-31.8,353,40,2.2,450,852.1227660055803
940,Manassas City,Virginia,4068.8,16.0,145,49,2.5,9141,4738.955823293173
941,Manassas Park City,Virginia,5914.6,28.1,403,85,2.5,7032,3524.4307128962128
942,Martinsville City,Virginia,1248.7,23.4,239,73,4.1,3892,3202.166640114704
943,Mathews,Virginia,35.4,-36.8,324,35,2.9,1764,996.151233869142
944,Mecklenburg,Virginia,47.0,-13.4,856,297,4.0,4832,2599.1434269460888
945,Middlesex,Virginia,51.3,-26.0,415,90,2.6,4871,1181.2511812511814
946,Montgomery,Virginia,246.1,1.3,1543,70,2.8,2538,2158.623839244938
947,Nelson,Virginia,31.4,-5.6,362,69,2.8,6690,736.7716008037511
948,New Kent,Virginia,85.9,-37.3,267,46,2.4,858,900.7838551816724
949,Newport News City,Virginia,1518.0,26.6,2906,828,3.5,283,1571.7673315664667
950,Norfolk City,Virginia,2540.1,42.5,3485,1546,3.5,8519,2033.4346754990893
951,Northampton,Virginia,15.4,9.2,402,157,4.4,3157,2630.2305721605467
952,Northumberland,Virginia,43.1,-19.6,513,100,4.3,5418,1488.2182720132287
953,Norton City,Virginia,534.2,-43.7,87,3,3.7,4442,979.6533534287868
954,Nottoway,Virginia,49.9,-13.1,341,153,2.8,6368,1785.7142857142856
955,Orange,Virginia,99.7,-26.4,816,116,3.0,3681,925.7509918760628
956,Page,Virginia,76.1,-49.5,568,19,3.8,9073,1715.337628650322
957,Patrick,Virginia,37.8,-55.0,488,29,3.5,2862,1607.2239890958656
958,Petersburg City,Virginia,1399.6,76.7,684,488,5.6,7049,2469.2145728322594
959,Pittsylvania,Virginia,64.4,-39.1,1454,315,3.4,4710,1774.5302713987476
960,Poquoson City,Virginia,154.3,-48.6,239,10,2.4,6057,619.3464265341048
961,Portsmouth City,Virginia,2054.4,36.3,1714,881,3.9,7343,2774.4231869319265
962,Powhatan,Virginia,107.5,-46.3,450,80,2.5,8475,795.8990961823822
963,Prince Edward,Virginia,65.4,5.4,585,186,3.8,8450,2688.3606701166564
964,Prince George,Virginia,130.5,-16.9,591,166,3.4,8133,2252.7572810471147
965,Prince William,Virginia,1230.4,21.1,4243,950,2.5,6200,2709.5580809423072
966,Pulaski,Virginia,105.1,-40.6,859,64,3.4,834,714.1387721515268
967,Radford,Virginia,1664.9,4.7,205,15,3.6,9254,4120.7737410269065
968,Rappahannock,Virginia,27.9,-17.7,212,17,2.5,1035,868.3853459972862
969,Richmond,Virginia,41.9,-23.7,292,47,3.0,9399,3978.721046215229
970,Richmond City,Virginia,3379.1,63.5,4254,1924,3.3,8747,2064.3475845787984
971,Roanoke,Virginia,370.9,-27.6,2676,135,2.5,8734,1015.0128469199243
972,Roanoke City,Virginia,2283.0,19.0,2225,390,3.0,2715,1908.3545989126812
973,Rockbridge,Virginia,37.2,-29.4,746,22,2.7,3413,544.8987728702432
974,Rockingham,Virginia,90.6,-44.3,2125,34,2.4,1375,1860.936203446088
975,Russell,Virginia,59.7,-58.7,619,22,4.2,8966,1087.0382908297602
976,Salem,Virginia,1727.8,-24.7,622,55,2.8,7274,1154.1045808466067
977,Scott,Virginia,42.3,-66.0,620,12,3.1,161,936.6595567096356
978,Shenandoah,Virginia,83.1,-43.0,1105,45,2.5,5283,1882.3367571533386
979,Smyth,Virginia,70.5,-55.0,847,24,3.7,972,1787.1379218708478
980,Southampton,Virginia,30.5,-16.2,396,165,2.7,2741,4469.40048777721
981,Spotsylvania,Virginia,304.6,-16.7,2154,331,2.9,6695,1605.5500495540139
982,Stafford,Virginia,481.1,-9.0,1426,217,2.8,8421,1350.7149304692507
983,Staunton City,Virginia,1204.5,1.8,696,51,2.7,7319,1127.0656184822715
984,Suffolk City,Virginia,199.2,12.2,1509,495,3.0,9753,2295.1318017978892
985,Surry,Virginia,22.2,10.7,145,77,3.4,4663,1977.577078791653
986,Sussex,Virginia,24.2,16.3,233,134,4.5,3031,5269.2893628461325
987,Tazewell,Virginia,85.3,-66.1,1136,54,4.4,2074,840.0049267151128
988,Virginia Beach City,Virginia,896.0,-3.5,7886,1295,2.7,6520,1568.7573059776792
989,Warren,Virginia,176.0,-36.8,623,47,2.8,5635,1117.916542177074
990,Washington,Virginia,96.9,-53.3,1286,17,3.3,5510,1179.7543729065876
991,Waynesboro City,Virginia,1393.2,-11.3,528,45,2.9,7117,1277.0658418029166
992,Westmoreland,Virginia,69.3,-7.1,462,125,3.5,1414,1537.6075492645016
993,Williamsburg City,Virginia,1568.2,43.0,331,63,3.9,2845,1277.25023405109
994,Winchester City,Virginia,2921.1,3.5,541,52,2.8,1456,1844.8607450673126
995,Wise,Virginia,100.9,-61.9,708,19,4.6,8045,1193.0556670144185
996,Wythe,Virginia,63.0,-54.5,688,25,3.6,6345,913.4011992748572
997,York,Virginia,306.1,-17.1,1283,228,2.7,6317,823.0814294083187
