,Population
190,1671329
191,1129
192,39752
193,219186
194,45905
195,21547
196,1153526
197,27812
198,192843
199,999101
200,28393
201,135558
202,181215
203,18039
204,900202
205,152940
206,64386
207,30573
208,10039107
209,157327
210,258826
211,17203
212,86749
213,277680
214,8841
215,14444
216,434061
217,137744
218,99755
219,3175692
220,398329
221,18807
222,2470546
223,1552058
224,62808
225,2180085
226,3338330
227,881549
228,762148
229,283111
230,766573
231,446499
232,1927852
233,273213
234,180080
235,3005
236,43539
237,447643
238,494336
239,550660
240,96971
241,65084
242,12285
243,466195
244,54478
245,846006
246,220500
247,78668
391,18386
392,8165
393,11164
394,3038
395,44890
396,19234
397,83240
398,107738
399,16700
400,19397
401,153159
402,12873
403,19109
404,15457
405,39627
406,79608
407,22383
408,24936
409,6189
410,54666
411,10803
412,119992
413,67580
414,13392
415,289430
416,10907
417,24789
418,258773
419,128331
420,2834
421,292256
422,6618
423,760141
424,43273
425,45600
426,156714
427,17270
428,148509
429,12404
430,22372
431,16116
432,26108
434,759297
433,26404
435,20605
436,13390
437,87956
438,146343
439,10190
440,4006
441,64296
442,19194
443,22646
444,10654
445,26188
446,114421
447,98498
448,244252
449,23349
450,1063937
451,31369
452,2971
453,85292
454,57963
455,24633
456,18324
457,936250
458,45328
459,204441
460,8457
461,29792
462,35236
463,26205
464,11923
465,234561
466,157863
467,9416
468,72977
469,14219
470,15115
471,15362
472,8676
473,9643
474,28735
475,19077
476,10423
477,47546
478,29992
479,61435
480,7921
481,19559
482,117406
483,33610
486,12947
487,29880
488,8359
484,21312
485,14378
489,21167
490,5718
491,21863
492,27578
493,9172
494,19276
495,40096
496,195769
497,111744
498,40280
499,15259
500,168667
501,27546
502,32591
503,19465
504,18962
505,42613
506,11137
507,22119
508,2299
509,17137
510,6778
511,202518
512,90896
513,5257
514,13966
515,8090
516,66703
517,25925
518,6621
519,29524
520,6195
521,1537
522,25286
523,8020
524,15860
525,8531
526,44451
527,40644
528,26830
529,12037
530,6901
531,69922
532,7985
533,8120
534,24511
535,26320
536,69761
537,94593
538,35734
539,5254
540,20374
541,29927
542,2607
543,7855
544,30798
545,104628
546,8635
547,9777
548,8954
549,20247
599,65435
600,5761
601,16426
602,53544
603,6578
604,32628
605,4739
606,14305
607,12147
608,209689
609,32304
610,15441
611,13184
612,37562
613,50621
614,5150233
615,18667
616,10766
618,15638
617,104897
619,19465
620,922921
621,17161
622,6395
623,34008
624,21336
625,12961
626,38469
627,34340
628,4828
629,12969
630,51054
631,8116
632,17708
633,3821
634,6646
635,48913
636,27114
637,56750
638,9610
639,37684
640,21773
641,21235
642,12417
643,532403
644,109862
645,128990
646,49699
648,108669
647,696535
649,15678
650,34096
651,35648
652,28618
656,104009
657,44926
658,262966
659,37205
660,11438
661,13359
662,13772
653,29682
654,307774
655,171517
663,12196
664,15437
665,34637
666,28414
667,33658
668,14501
669,50643
670,179179
671,20916
672,16344
673,15561
674,4177
675,5335
676,5739
677,31782
678,15513
679,141879
681,23491
682,194672
683,6768
684,4951
685,21634
680,259686
686,5342
687,44498
688,131803
689,16653
690,75758
691,11520
692,16844
693,13887
694,16215
695,13537
696,55175
697,690743
698,66597
699,282572
700,38459
892,12369
893,7858
894,16073
895,4427
896,25779
897,14534
898,9564
899,66911
900,2648
901,3250
902,19939
903,2657
904,1994
905,8002
906,8786
907,8179
908,1700
909,34908
910,38818
911,2827
912,18466
913,7600
914,122259
915,2798
916,2530
917,28553
918,6102
919,36467
920,33619
921,25544
922,31670
923,2636
924,2482
925,7150
926,5988
927,1232
928,5982
929,2539
930,5436
931,34429
932,3968
933,1794
934,13171
935,19043
936,2879
937,602401
938,3838
939,7152
940,2475
941,19618
942,1535
943,81758
944,2962
945,9703
946,2794
947,33195
949,11884
950,9707
948,28542
951,4033
952,34237
953,5979
954,31829
955,5620
956,2587
957,10231
958,16007
959,2750
960,5361
961,15949
962,3421
963,5704
964,6414
965,5234
966,24383
967,9164
968,2530
969,61998
970,4636
971,9537
972,74232
973,4920
974,3036
975,6856
976,54224
977,4823
978,516042
979,21428
980,176875
981,2521
982,5917
983,3583
984,4156
985,2006
986,5485
987,22836
988,7777
989,2803
990,6931
991,1518
992,5406
993,2119
994,8525
995,3138
996,165429
997,19202
998,21315
999,22747
1000,7888
1001,44249
1002,12500
1003,26032
1004,133581
1005,19788
1006,46718
1007,30060
1008,8303
1009,12630
1010,20477
1011,81676
1012,12879
1013,12747
1014,39001
1015,93584
1016,4760
1017,10631
1018,26797
1019,16159
1020,70461
1021,36263
1022,19901
1023,10218
1024,8806
1025,6614
1026,101511
1027,12150
1028,7517
1029,14106
1030,323152
1031,14581
1032,35589
1033,50991
1034,5969
1035,8869
1036,17666
1037,25069
1038,37266
1039,26427
1040,10941
1041,35098
1042,8722
1043,110958
1044,26010
1045,18886
1046,19035
1047,45210
1048,16126
1049,4380
1050,44686
1051,13329
1052,766757
1053,54115
1054,22188
1055,166998
1056,14806
1057,31145
1058,14398
1059,60813
1060,15317
1061,7403
1062,9877
1063,21553
1064,13275
1065,24549
1066,9194
1067,27102
1068,8210
1072,92987
1073,12161
1074,19273
1075,31100
1076,11195
1077,17070
1069,65418
1070,17231
1071,9207
1078,28572
1079,6489
1080,21933
1081,10071
1082,10650
1083,28157
1084,13309
1085,30622
1086,46233
1087,7269
1088,23994
1089,66799
1090,10901
1091,4415
1092,14590
1093,25758
1094,57876
1095,12359
1096,64979
1097,2108
1098,16695
1099,24460
1100,17923
1101,57004
1102,49024
1103,18572
1104,19351
1105,25769
1106,12294
1107,14651
1108,8471
1109,14381
1110,132896
1111,12095
1112,20333
1113,12942
1114,36264
1115,7157
1116,26734
2248,103009
2249,1216045
2250,64735
2251,163929
2252,47888
2253,421164
2254,121829
2255,60323
2256,628270
2257,187853
2258,130192
2259,4447
2260,64182
2261,162385
2262,524989
2263,38438
2264,79255
2265,38632
2266,64964
2267,84629
2268,253370
2269,278299
2270,566747
2271,29910
2272,269728
2273,129274
2274,7247
2275,155027
2276,14530
2277,36233
2278,45144
2279,84073
2280,43425
2281,24763
2282,209674
2283,545724
2284,85512
2285,141793
2286,369318
2287,317417
2288,113299
2289,40625
2290,109424
2291,46138
2292,170271
2293,830915
2294,18230
2295,305285
2296,90843
2297,46272
2298,1584064
2299,55809
2300,16526
2301,141359
2302,40372
2303,73447
2304,6066
2305,40328
2306,40591
2307,44923
2308,50668
2309,39191
2310,206865
2311,51361
2312,348899
2313,26794
2314,449058
2527,57735
2528,18705
2529,86715
2530,23510
2531,8553
2532,1887
2533,51153
2534,30032
2535,7000
2536,23112
2537,88723
2538,3509
2539,32565
2540,362924
2541,2003554
2542,11931
2543,654
2544,18685
2545,93245
2546,374264
2547,229211
2548,9203
2549,1546
2550,7093
2551,37864
2552,18443
2553,48155
2554,43664
2555,21290
2556,13943
2557,423163
2558,13094
2559,5926
2560,30026
2561,7530
2562,43837
2563,52646
2564,7306
2565,10471
2566,2853
2567,3387
2568,8175
2569,1034730
2570,2920
2571,21493
2572,156209
2573,13635
2574,2726
2575,41257
2576,75951
2577,1398
2578,4797
2579,3464
2580,5737
2581,2171
2582,7287
2583,2635516
2584,12728
2588,20160
2585,18546
2586,5331
2587,887207
2589,2211
2590,10124
2591,3278
2592,11157
2593,18360
2594,166223
2595,1932
2597,839238
2596,184826
2598,42698
2599,17297
2600,35514
2601,25346
2602,3830
2603,5712
2604,1155
2605,811688
2606,10725
2607,19717
2608,20306
2609,21492
2610,342139
2611,6229
2612,26988
2613,1409
2614,7658
2615,20837
2616,21886
2617,136212
2618,123945
2619,28880
2620,166847
2621,33406
2622,2964
2623,8461
2624,5399
2625,3933
2626,57602
2627,4713325
2628,66553
2629,5576
2630,5658
2631,230191
2632,3819
2633,82737
2634,868707
2635,36649
2636,23021
2637,61643
2638,37084
2639,22968
2640,36664
2641,4886
2642,98594
2643,20938
2644,1536
2645,8935
2646,14760
2647,35529
2648,2274
2649,251565
2650,5200
2651,40482
2652,175817
2653,20083
2654,15601
2655,136154
2656,47431
2657,404
2658,762
2659,52600
2660,4337
2661,272
2662,3667
2663,30680
2664,3664
2668,7520
2665,49859
2666,12893
2667,21428
2669,20154
2670,17239
2671,17404
2672,88219
2673,23437
2674,3233
2675,12207
2676,21795
2677,169
2678,310569
2679,5951
2683,14284
2684,9854
2685,5771
2686,4274
2687,36643
2688,58722
2680,7984
2681,256623
2682,743
2689,51584
2690,2138
2691,176832
2692,24823
2693,4873
2694,8545
2695,19818
2696,607391
2697,20940
2698,12388
2699,1200
2700,65204
2701,50113
2702,13595
2703,14714
2704,362294
2705,9836
2706,2112
2707,83396
2708,29189
2709,23194
2710,142878
2711,9605
2712,15823
2713,51353
2714,117415
2715,6704
2716,12514
2717,137713
2718,3849
2719,3452
2720,12023
2721,15976
2722,6948
2723,854
2724,17074
2725,104915
2726,10264
2727,54406
2728,10542
2729,8237
2730,28859
2731,66730
2732,6055
2733,2793
2734,16703
2735,3265
2736,25274
2737,3022
2738,232751
2739,9128
2740,64633
2741,9366
2742,1291
2743,1350
2744,3776
2745,7397
2746,2102515
2747,138034
2748,776
2749,12337
2750,1501
2751,32750
2752,119200
2753,1273954
2754,14651
2755,21672
2756,41753
2757,3657
2758,26741
2759,49025
2760,56590
2761,92084
2762,72971
2763,55246
2764,11998
2765,35882
2766,276652
2767,41556
2768,5056
2769,132230
2770,12769
2771,21358
2772,590551
2773,51070
2774,8010
2775,69984
2776,45539
2777,8713
2778,18010
2779,14179
2780,11840
2824,32316
2825,109330
2919,159428
2826,14860
2827,13145
2828,31605
2829,15911
2830,236842
2831,75558
2832,4147
2833,78997
2834,6280
2835,33419
2920,16762
2836,16231
2837,21004
2838,17148
2921,6478
2839,54885
2840,30725
2841,29791
2842,6963
2843,11880
2922,47266
2923,244835
2844,352802
2845,14619
2924,17370
2925,5538
2846,5131
2847,52605
2848,9932
2926,40044
2849,14318
2850,28544
2927,5346
2851,10953
2852,1147532
2928,24019
2929,14617
2853,71222
2854,15749
2855,27270
2856,56042
2930,7967
2857,89313
2931,29036
2932,6347
2858,16720
2859,37348
2860,23753
2861,15550
2862,19819
2863,11336
2864,33911
2933,134510
2865,107766
2934,53016
2866,330818
2867,50557
2868,2190
2935,22529
2869,37109
2870,76523
2872,26836
2873,17148
2871,7025
2874,10603
2875,23423
2936,7446
2876,413538
2877,37591
2878,12196
2937,82168
2879,13261
2939,17478
2938,41085
2940,12554
2880,8834
2881,30587
2882,10582
2883,98535
2884,14930
2885,23091
2941,179225
2942,242742
2886,11710
2887,12095
2943,3981
2888,15232
2889,37051
2890,23902
2891,17608
2944,31346
2892,60354
2945,12271
2946,94398
2893,29652
2894,22802
2895,38353
2896,470335
2897,34027
2947,18249
2898,7370
2899,9023
2948,230436
2900,94186
2949,99143
2901,22573
2902,81948
2903,26586
2950,25301
2904,21566
2905,43616
2906,30104
2907,17631
2908,136215
2909,152882
2951,24932
2952,92108
2910,6422
2911,11159
2912,40595
2953,449974
2913,40164
2914,53740
2954,22630
2915,18015
2955,14954
2956,28078
2916,37383
2917,28684
2918,68280
